﻿pos_x,pos_y,rotation,side,designator,mpn,pack,footprint,value,mount_type
118.325001,-51.35,180.0,bottom,C1,,,C_0402_1005Metric,0.1uF,smt
165.950001,-65.6375,180.0,bottom,C10,,,C_0402_1005Metric,0.1uF,smt
271.12,-59.41,180.0,bottom,C101,,,C_0603_1608Metric,10uF,smt
284.82,-71.78,45.0,bottom,C102,,,C_0402_1005Metric,100nF,smt
278.09,-78.49,-135.0,bottom,C103,,,C_0402_1005Metric,100nF,smt
279.87,-78.77,-45.0,bottom,C104,,,C_0402_1005Metric,100nF,smt
278.12,-66.55,135.0,bottom,C105,,,C_0402_1005Metric,100nF,smt
268.44,-55.41,90.0,bottom,C106,,,C_0402_1005Metric,1uF,smt
271.42,-58.14,180.0,bottom,C107,,,C_0402_1005Metric,1uF,smt
278.21,-51.5,0.0,bottom,C108,,,C_0402_1005Metric,100nF,smt
185.000001,-56.1125,180.0,bottom,C11,,,C_0402_1005Metric,0.1uF,smt
204.050001,-51.35,180.0,bottom,C12,,,C_0402_1005Metric,0.1uF,smt
223.100001,-56.1125,180.0,bottom,C13,,,C_0402_1005Metric,0.1uF,smt
242.150001,-60.875,180.0,bottom,C14,,,C_0402_1005Metric,0.1uF,smt
118.325001,-89.45,180.0,bottom,C15,,,C_0402_1005Metric,0.1uF,smt
142.137501,-89.45,180.0,bottom,C16,,,C_0402_1005Metric,0.1uF,smt
165.950001,-84.6875,180.0,bottom,C17,,,C_0402_1005Metric,0.1uF,smt
185.000001,-75.1625,180.0,bottom,C18,,,C_0402_1005Metric,0.1uF,smt
204.050001,-70.4,180.0,bottom,C19,,,C_0402_1005Metric,0.1uF,smt
142.137501,-51.35,180.0,bottom,C2,,,C_0402_1005Metric,0.1uF,smt
223.100001,-75.1625,180.0,bottom,C20,,,C_0402_1005Metric,0.1uF,smt
242.150001,-79.925,180.0,bottom,C21,,,C_0402_1005Metric,0.1uF,smt
118.325001,-108.5,180.0,bottom,C22,,,C_0402_1005Metric,0.1uF,smt
142.137501,-108.5,180.0,bottom,C23,,,C_0402_1005Metric,0.1uF,smt
165.950001,-103.7375,180.0,bottom,C24,,,C_0402_1005Metric,0.1uF,smt
185.000001,-94.2125,180.0,bottom,C25,,,C_0402_1005Metric,0.1uF,smt
204.050001,-89.45,180.0,bottom,C26,,,C_0402_1005Metric,0.1uF,smt
223.100001,-94.2125,180.0,bottom,C27,,,C_0402_1005Metric,0.1uF,smt
242.150001,-98.975,180.0,bottom,C28,,,C_0402_1005Metric,0.1uF,smt
118.325001,-127.55,180.0,bottom,C29,,,C_0402_1005Metric,0.1uF,smt
165.950001,-46.5875,180.0,bottom,C3,,,C_0402_1005Metric,0.1uF,smt
142.137501,-127.55,180.0,bottom,C30,,,C_0402_1005Metric,0.1uF,smt
165.950001,-122.7875,180.0,bottom,C31,,,C_0402_1005Metric,0.1uF,smt
185.000001,-113.2625,180.0,bottom,C32,,,C_0402_1005Metric,0.1uF,smt
204.050001,-108.5,180.0,bottom,C33,,,C_0402_1005Metric,0.1uF,smt
223.100001,-113.2625,180.0,bottom,C34,,,C_0402_1005Metric,0.1uF,smt
242.150001,-118.025,180.0,bottom,C35,,,C_0402_1005Metric,0.1uF,smt
235.666504,-146.488698,150.0,bottom,C36,,,C_0402_1005Metric,0.1uF,smt
253.408944,-157.333397,145.0,bottom,C37,,,C_0402_1005Metric,0.1uF,smt
270.065977,-169.84366,140.0,bottom,C38,,,C_0402_1005Metric,0.1uF,smt
267.067233,-137.827339,145.0,bottom,C39,,,C_0402_1005Metric,0.1uF,smt
185.000001,-37.0625,180.0,bottom,C4,,,C_0402_1005Metric,0.1uF,smt
285.372356,-151.602227,140.0,bottom,C40,,,C_0402_1005Metric,0.1uF,smt
282.03,-87.76,90.0,bottom,C41,,,C_0805_2012Metric,100n,smt
280.01,-87.77,90.0,bottom,C42,,,C_0805_2012Metric,100n,smt
270.65,-85.26,90.0,bottom,C43,,,C_0805_2012Metric,100n,smt
204.050001,-32.3,180.0,bottom,C5,,,C_0402_1005Metric,0.1uF,smt
265.96,-46.83,90.0,bottom,C55,,,C_0402_1005Metric,0.1uF,smt
292.11,-69.4,0.0,bottom,C56,,,C_0402_1005Metric,100nF,smt
223.100001,-37.0625,180.0,bottom,C6,,,C_0402_1005Metric,0.1uF,smt
242.150001,-41.825,180.0,bottom,C7,,,C_0402_1005Metric,0.1uF,smt
118.325001,-70.4,180.0,bottom,C8,,,C_0402_1005Metric,0.1uF,smt
142.137501,-70.4,180.0,bottom,C9,,,C_0402_1005Metric,0.1uF,smt
123.825,-57.15,180.0,bottom,CH1,,,KS33_Choc-v2_HS_1U,gateron_ks33_hs_1U,smt
171.45,-71.4375,180.0,bottom,CH10,,,KS33_Choc-v2_HS_1U,gateron_ks33_hs_1U,smt
190.5,-61.9125,180.0,bottom,CH11,,,KS33_Choc-v2_HS_1U,gateron_ks33_hs_1U,smt
209.55,-57.15,180.0,bottom,CH12,,,KS33_Choc-v2_HS_1U,gateron_ks33_hs_1U,smt
228.6,-61.9125,180.0,bottom,CH13,,,KS33_Choc-v2_HS_1U,gateron_ks33_hs_1U,smt
247.65,-66.675,180.0,bottom,CH14,,,KS33_Choc-v2_HS_1U,gateron_ks33_hs_1U,smt
123.825,-95.25,180.0,bottom,CH15,,,KS33_Choc-v2_HS_1U,gateron_ks33_hs_1U,smt
147.6375,-95.25,180.0,bottom,CH16,,,KS33_Choc-v2_HS_1.5U,gateron_ks33_hs_1U,smt
171.45,-90.4875,180.0,bottom,CH17,,,KS33_Choc-v2_HS_1U,gateron_ks33_hs_1U,smt
190.5,-80.9625,180.0,bottom,CH18,,,KS33_Choc-v2_HS_1U,gateron_ks33_hs_1U,smt
209.55,-76.2,180.0,bottom,CH19,,,KS33_Choc-v2_HS_1U,gateron_ks33_hs_1U,smt
147.6375,-57.15,180.0,bottom,CH2,,,KS33_Choc-v2_HS_1.5U,gateron_ks33_hs_1U,smt
228.6,-80.9625,180.0,bottom,CH20,,,KS33_Choc-v2_HS_1U,gateron_ks33_hs_1U,smt
247.65,-85.725,180.0,bottom,CH21,,,KS33_Choc-v2_HS_1U,gateron_ks33_hs_1U,smt
123.825,-114.3,180.0,bottom,CH22,,,KS33_Choc-v2_HS_1U,gateron_ks33_hs_1U,smt
147.6375,-114.3,180.0,bottom,CH23,,,KS33_Choc-v2_HS_1.5U,gateron_ks33_hs_1U,smt
171.45,-109.5375,180.0,bottom,CH24,,,KS33_Choc-v2_HS_1U,gateron_ks33_hs_1U,smt
190.5,-100.0125,180.0,bottom,CH25,,,KS33_Choc-v2_HS_1U,gateron_ks33_hs_1U,smt
209.55,-95.25,180.0,bottom,CH26,,,KS33_Choc-v2_HS_1U,gateron_ks33_hs_1U,smt
228.6,-100.0125,180.0,bottom,CH27,,,KS33_Choc-v2_HS_1U,gateron_ks33_hs_1U,smt
247.65,-104.775,180.0,bottom,CH28,,,KS33_Choc-v2_HS_1U,gateron_ks33_hs_1U,smt
123.825,-133.35,180.0,bottom,CH29,,,KS33_Choc-v2_HS_1U,gateron_ks33_hs_1U,smt
171.45,-52.3875,180.0,bottom,CH3,,,KS33_Choc-v2_HS_1U,gateron_ks33_hs_1U,smt
147.6375,-133.35,180.0,bottom,CH30,,,KS33_Choc-v2_HS_1.5U,gateron_ks33_hs_1U,smt
171.45,-128.5875,180.0,bottom,CH31,,,KS33_Choc-v2_HS_1U,gateron_ks33_hs_1U,smt
190.5,-119.0625,180.0,bottom,CH32,,,KS33_Choc-v2_HS_1U,gateron_ks33_hs_1U,smt
209.55,-114.3,180.0,bottom,CH33,,,KS33_Choc-v2_HS_1U,gateron_ks33_hs_1U,smt
228.6,-119.0625,180.0,bottom,CH34,,,KS33_Choc-v2_HS_1U,gateron_ks33_hs_1U,smt
247.65,-123.825,180.0,bottom,CH35,,,KS33_Choc-v2_HS_1U,gateron_ks33_hs_1U,smt
237.529643,-154.261645,150.0,bottom,CH36,,,KS33_Choc-v2_HS_1.5U,gateron_ks33_hs_1U,smt
254.587536,-165.239149,145.0,bottom,CH37,,,KS33_Choc-v2_HS_1.5U,gateron_ks33_hs_1U,smt
270.551053,-177.822049,140.0,bottom,CH38,,,KS33_Choc-v2_HS_1.5U,gateron_ks33_hs_1U,smt
268.245825,-145.733091,145.0,bottom,CH39,,,KS33_Choc-v2_HS_1U,gateron_ks33_hs_1U,smt
190.5,-42.8625,180.0,bottom,CH4,,,KS33_Choc-v2_HS_1U,gateron_ks33_hs_1U,smt
285.857432,-159.580616,140.0,bottom,CH40,,,KS33_Choc-v2_HS_1U,gateron_ks33_hs_1U,smt
209.55,-38.1,180.0,bottom,CH5,,,KS33_Choc-v2_HS_1U,gateron_ks33_hs_1U,smt
228.6,-42.8625,180.0,bottom,CH6,,,KS33_Choc-v2_HS_1U,gateron_ks33_hs_1U,smt
247.65,-47.625,180.0,bottom,CH7,,,KS33_Choc-v2_HS_1U,gateron_ks33_hs_1U,smt
123.825,-76.2,180.0,bottom,CH8,,,KS33_Choc-v2_HS_1U,gateron_ks33_hs_1U,smt
147.6375,-76.2,180.0,bottom,CH9,,,KS33_Choc-v2_HS_1.5U,gateron_ks33_hs_1U,smt
131.824999,-64.65,90.0,bottom,D1,,,D_SOD-123,D,smt
179.449999,-78.9375,90.0,bottom,D10,,,D_SOD-123,D,smt
198.499999,-69.4125,90.0,bottom,D11,,,D_SOD-123,D,smt
217.549999,-64.65,90.0,bottom,D12,,,D_SOD-123,D,smt
236.599999,-69.4125,90.0,bottom,D13,,,D_SOD-123,D,smt
255.649999,-74.175,90.0,bottom,D14,,,D_SOD-123,D,smt
131.824999,-102.75,90.0,bottom,D15,,,D_SOD-123,D,smt
155.637499,-102.75,90.0,bottom,D16,,,D_SOD-123,D,smt
179.449999,-97.9875,90.0,bottom,D17,,,D_SOD-123,D,smt
198.499999,-88.4625,90.0,bottom,D18,,,D_SOD-123,D,smt
217.549999,-83.7,90.0,bottom,D19,,,D_SOD-123,D,smt
155.637499,-64.65,90.0,bottom,D2,,,D_SOD-123,D,smt
236.599999,-88.4625,90.0,bottom,D20,,,D_SOD-123,D,smt
255.649999,-93.225,90.0,bottom,D21,,,D_SOD-123,D,smt
131.824999,-121.8,90.0,bottom,D22,,,D_SOD-123,D,smt
155.637499,-121.8,90.0,bottom,D23,,,D_SOD-123,D,smt
179.449999,-117.0375,90.0,bottom,D24,,,D_SOD-123,D,smt
198.499999,-107.5125,90.0,bottom,D25,,,D_SOD-123,D,smt
217.549999,-102.75,90.0,bottom,D26,,,D_SOD-123,D,smt
236.599999,-107.5125,90.0,bottom,D27,,,D_SOD-123,D,smt
255.649999,-112.275,90.0,bottom,D28,,,D_SOD-123,D,smt
131.824999,-140.85,90.0,bottom,D29,,,D_SOD-123,D,smt
179.449999,-59.8875,90.0,bottom,D3,,,D_SOD-123,D,smt
155.637499,-140.85,90.0,bottom,D30,,,D_SOD-123,D,smt
179.449999,-136.0875,90.0,bottom,D31,,,D_SOD-123,D,smt
198.499999,-126.5625,90.0,bottom,D32,,,D_SOD-123,D,smt
217.549999,-121.8,90.0,bottom,D33,,,D_SOD-123,D,smt
236.599999,-126.5625,90.0,bottom,D34,,,D_SOD-123,D,smt
255.649999,-131.325,90.0,bottom,D35,,,D_SOD-123,D,smt
240.707846,-164.756835,60.0,bottom,D36,,,D_SOD-123,D,smt
256.838929,-175.9714,55.0,bottom,D37,,,D_SOD-123,D,smt
271.858501,-188.709683,50.0,bottom,D38,,,D_SOD-123,D,smt
270.497218,-156.465342,55.0,bottom,D39,,,D_SOD-123,D,smt
198.499999,-50.3625,90.0,bottom,D4,,,D_SOD-123,D,smt
286.35,-87.6975,90.0,bottom,D40,,,D_SOD-123,1N4148,smt
273.76,-85.1675,90.0,bottom,D41,,,D_SOD-123,1N4148,smt
287.16488,-170.46825,50.0,bottom,D42,,,D_SOD-123,D,smt
217.549999,-45.6,90.0,bottom,D5,,,D_SOD-123,D,smt
236.599999,-50.3625,90.0,bottom,D6,,,D_SOD-123,D,smt
255.649999,-55.125,90.0,bottom,D7,,,D_SOD-123,D,smt
131.824999,-83.7,90.0,bottom,D8,,,D_SOD-123,D,smt
155.637499,-83.7,90.0,bottom,D9,,,D_SOD-123,D,smt
271.589999,-49.14,-90.0,bottom,F1,,,Fuse_1206_3216Metric,500mA,smt
292.85,-62.21,90.0,bottom,F2,,,Fuse_1206_3216Metric,500mA,smt
275.484592,-44.589687,-17.0,bottom,J1,,,USB_C_Receptacle_HRO_TYPE-C-31-M-14,USB_C_Receptacle_USB2.0,smt
284.789999,-44.4,73.0,top,J2,,,PinHeader_1x05_P2.54mm_Vertical,Conn_01x05,tht
298.5,-67.765,-90.0,bottom,J3,,,USB_C_Receptacle_HRO_TYPE-C-31-M-14,USB_C_Receptacle_USB2.0,smt
123.825,-52.15,0.0,bottom,LED1,,,LED_choc_6028R,choc_SK6812MINI-E,smt
171.45,-66.4375,0.0,bottom,LED10,,,LED_choc_6028R,choc_SK6812MINI-E,smt
190.5,-56.9125,0.0,bottom,LED11,,,LED_choc_6028R,choc_SK6812MINI-E,smt
209.55,-52.15,0.0,bottom,LED12,,,LED_choc_6028R,choc_SK6812MINI-E,smt
228.6,-56.9125,0.0,bottom,LED13,,,LED_choc_6028R,choc_SK6812MINI-E,smt
247.65,-61.675,0.0,bottom,LED14,,,LED_choc_6028R,choc_SK6812MINI-E,smt
123.825,-90.25,0.0,bottom,LED15,,,LED_choc_6028R,choc_SK6812MINI-E,smt
147.6375,-90.25,0.0,bottom,LED16,,,LED_choc_6028R,choc_SK6812MINI-E,smt
171.45,-85.4875,0.0,bottom,LED17,,,LED_choc_6028R,choc_SK6812MINI-E,smt
190.5,-75.9625,0.0,bottom,LED18,,,LED_choc_6028R,choc_SK6812MINI-E,smt
209.55,-71.2,0.0,bottom,LED19,,,LED_choc_6028R,choc_SK6812MINI-E,smt
147.6375,-52.15,0.0,bottom,LED2,,,LED_choc_6028R,choc_SK6812MINI-E,smt
228.6,-75.9625,0.0,bottom,LED20,,,LED_choc_6028R,choc_SK6812MINI-E,smt
247.65,-80.725,0.0,bottom,LED21,,,LED_choc_6028R,choc_SK6812MINI-E,smt
123.825,-109.3,0.0,bottom,LED22,,,LED_choc_6028R,choc_SK6812MINI-E,smt
147.6375,-109.3,0.0,bottom,LED23,,,LED_choc_6028R,choc_SK6812MINI-E,smt
171.45,-104.5375,0.0,bottom,LED24,,,LED_choc_6028R,choc_SK6812MINI-E,smt
190.5,-95.0125,0.0,bottom,LED25,,,LED_choc_6028R,choc_SK6812MINI-E,smt
209.55,-90.25,0.0,bottom,LED26,,,LED_choc_6028R,choc_SK6812MINI-E,smt
228.6,-95.0125,0.0,bottom,LED27,,,LED_choc_6028R,choc_SK6812MINI-E,smt
247.65,-99.775,0.0,bottom,LED28,,,LED_choc_6028R,choc_SK6812MINI-E,smt
123.825,-128.35,0.0,bottom,LED29,,,LED_choc_6028R,choc_SK6812MINI-E,smt
171.45,-47.3875,0.0,bottom,LED3,,,LED_choc_6028R,choc_SK6812MINI-E,smt
147.6375,-128.35,0.0,bottom,LED30,,,LED_choc_6028R,choc_SK6812MINI-E,smt
171.45,-123.5875,0.0,bottom,LED31,,,LED_choc_6028R,choc_SK6812MINI-E,smt
190.5,-114.0625,0.0,bottom,LED32,,,LED_choc_6028R,choc_SK6812MINI-E,smt
209.55,-109.3,0.0,bottom,LED33,,,LED_choc_6028R,choc_SK6812MINI-E,smt
228.6,-114.0625,0.0,bottom,LED34,,,LED_choc_6028R,choc_SK6812MINI-E,smt
247.65,-118.825,0.0,bottom,LED35,,,LED_choc_6028R,choc_SK6812MINI-E,smt
240.029642,-149.931518,-30.0,bottom,LED36,,,LED_choc_6028R,choc_SK6812MINI-E,smt
257.455418,-161.143389,-35.0,bottom,LED37,,,LED_choc_6028R,choc_SK6812MINI-E,smt
273.764991,-173.991827,-40.0,bottom,LED38,,,LED_choc_6028R,choc_SK6812MINI-E,smt
271.113707,-141.637331,-35.0,bottom,LED39,,,LED_choc_6028R,choc_SK6812MINI-E,smt
190.5,-37.8625,0.0,bottom,LED4,,,LED_choc_6028R,choc_SK6812MINI-E,smt
289.07137,-155.750394,-40.0,bottom,LED40,,,LED_choc_6028R,choc_SK6812MINI-E,smt
209.55,-33.1,0.0,bottom,LED5,,,LED_choc_6028R,choc_SK6812MINI-E,smt
228.6,-37.8625,0.0,bottom,LED6,,,LED_choc_6028R,choc_SK6812MINI-E,smt
247.65,-42.625,0.0,bottom,LED7,,,LED_choc_6028R,choc_SK6812MINI-E,smt
123.825,-71.2,0.0,bottom,LED8,,,LED_choc_6028R,choc_SK6812MINI-E,smt
147.6375,-71.2,0.0,bottom,LED9,,,LED_choc_6028R,choc_SK6812MINI-E,smt
276.83,-85.0475,90.0,bottom,Q3,,,SOT-23-3,MMUN2133LT1G,smt
279.349999,-50.48,180.0,bottom,R1,,,R_0402_1005Metric,5.1k,smt
278.389999,-49.25,0.0,bottom,R2,,,R_0402_1005Metric,5.1k,smt
280.82,-65.28,-45.0,bottom,R6,,,R_0402_1005Metric,5.1k,smt
280.9,-83.91,0.0,bottom,R7,,,R_0805_2012Metric,120,smt
284.1,-87.75,90.0,bottom,R8,,,R_0805_2012Metric,68k,smt
284.1,-91.27,-90.0,bottom,R9,,,R_0805_2012Metric,68k,smt
298.37,-92.88,90.0,bottom,RESET1,,,SW_SPST_TL3342,DFU,smt
278.85,-72.52,45.0,bottom,U1,,,LQFP-48_7x7mm_P0.5mm,STM32G474CETx,smt
275.389999,-50.5,0.0,bottom,U2,,,SOT-143,PRTR5V0U2X,smt
270.904999,-55.9025,180.0,bottom,U3,,,SOT-23,XC6206PxxxMR-Regulator_Linear,smt
271.08,-118.41,90.0,top,U4,,,CR2013-MI2120,CR2013-MI2120,tht
292.62,-67.18,-90.0,bottom,U5,,,SOT-143,PRTR5V0U2X,smt
108.64,-81.72,0.0,top,U6,,,Pogo_2.54mm_5p,~,tht
108.49,-108.82,0.0,top,U7,,,Pogo_2.54mm_5p,~,tht
263.54,-48.5525,90.0,bottom,U8,,SOT-23-5 Texas Instruments,SOT95P280X145-5N,SN74AHCT1G125DBVR,smt
