﻿Designator,Quantity,Value,Footprint,Package,MPN,DNP,Mount_Type,Description,LCSC,Sim.Device,Sim.Pins,JlcPosOffset,JlcRotOffset,MF,Description_1,Price,SnapEDA_Link,MP,Availability,Check_prices
"C1, C10, C11, C12, C13, C14, C15, C16, C17, C18, C19, C2, C20, C21, C22, C23, C24, C25, C26, C27, C28, C29, C3, C30, C31, C32, C33, C34, C35, C36, C37, C38, C39, C4, C40, C41, C42, C43, C44, C5, C53, C6, C7, C8, C9",45,0.1uF,C_0402_1005Metric,,,,smt,Unpolarized capacitor,C307331,,,,,,,,,,,
"C100, C110, C46, C47, C48, C49",6,100nF,C_0402_1005Metric,,,,smt,,C307331,,,,,,,,,,,
"C108, C109",2,1uF,C_0402_1005Metric,,,,smt,,C307331,,,,,,,,,,,
C45,1,10uF,C_0603_1608Metric,,,,smt,,C307331,,,,,,,,,,,
"C50, C51, C52",3,100n,C_0805_2012Metric,,,,smt,,,,,,,,,,,,,
"CH1, CH10, CH11, CH12, CH13, CH15, CH16, CH17, CH18, CH19, CH2, CH20, CH22, CH23, CH24, CH25, CH26, CH27, CH29, CH3, CH30, CH31, CH32, CH33, CH34, CH36, CH37, CH38, CH39, CH4, CH43, CH44, CH5, CH6, CH8, CH9",36,KS33_SW_solder,KS33_Choc-v2_HS_1U,,,,smt,"Push button switch, normally open, two pins, 45° tilted",,,,,,,,,,,,
"CH14, CH21, CH28, CH35, CH40, CH41, CH42, CH7",8,KS33_SW_solder,KS33_Choc-v2_HS_1.5U,,,,smt,"Push button switch, normally open, two pins, 45° tilted",,,,,,,,,,,,
"D1, D10, D11, D12, D13, D14, D15, D16, D17, D18, D19, D2, D20, D21, D22, D23, D24, D25, D26, D27, D28, D29, D3, D30, D31, D32, D33, D34, D35, D36, D37, D38, D39, D4, D40, D41, D42, D43, D44, D5, D6, D7, D8, D9",44,D,D_SOD-123,,,,smt,Diode,,D,1=K 2=A,,,,,,,,,
"D45, D46",2,1N4148,D_SOD-123,,,,smt,,,,,,,,,,,,,
"F1, F2",2,500mA,Fuse_1206_3216Metric,,,,smt,,C135341,,,,,,,,,,,
"J1, J3",2,USB_C_Receptacle_USB2.0,USB_C_Receptacle_HRO_TYPE-C-31-M-14,,,,smt,,,,,"0,1.5",180,,,,,,,
J2,1,Conn_01x05,PinHeader_1x05_P2.54mm_Vertical,,,,tht,"Generic connector, single row, 01x05, script generated (kicad-library-utils/schlib/autogen/connector/)",,,,,,,,,,,,
"LED1, LED10, LED11, LED12, LED13, LED14, LED15, LED16, LED17, LED18, LED19, LED2, LED20, LED21, LED22, LED23, LED24, LED25, LED26, LED27, LED28, LED29, LED3, LED30, LED31, LED32, LED33, LED34, LED35, LED36, LED37, LED38, LED39, LED4, LED40, LED41, LED42, LED43, LED44, LED5, LED6, LED7, LED8, LED9",44,choc_SK6812MINI-E,LED_choc_6028R,,,,smt,Reverse mount adressable LED (WS2812 protocol),,,,,,,,,,,,
Q3,1,MMUN2133LT1G,SOT-23-3,,,,smt,,,,,,,,,,,,,
"R1, R2, R5",3,5.1k,R_0402_1005Metric,,,,smt,,,,,,,,,,,,,
R6,1,120,R_0805_2012Metric,,,,smt,,,,,,,,,,,,,
"R7, R9",2,68k,R_0805_2012Metric,,,,smt,,,,,,,,,,,,,
RESET1,1,DFU,SW_SPST_TL3342,,,,smt,,,,,,,,,,,,,
U1,1,STM32G474CETx,LQFP-48_7x7mm_P0.5mm,,,,smt,"STMicroelectronics Arm Cortex-M4 MCU, 512KB flash, 128KB RAM, 170 MHz, 1.71-3.6V, 38 GPIO, LQFP48",,,,,,,,,,,,
"U2, U5",2,PRTR5V0U2X,SOT-143,,,,smt,,C2827688,,,,90,,,,,,,
U3,1,XC6206PxxxMR-Regulator_Linear,SOT-23,,,,smt,,C5446,,,,,,,,,,,
U4,1,CR2013-MI2120,CR2013-MI2120,,,,tht,"ILI9341 controller, SPI TFT LCD Display, 9-pin breakout PCB, 4-pin SD card interface, 5V/3.3V",,,,,,,,,,,,
"U6, U7",2,~,Pogo_2.54mm_5p,,,,tht,,,,,,,,,,,,,
U8,1,SN74AHCT1G125DBVR,SOT95P280X145-5N,SOT-23-5 Texas Instruments,,,smt,,,,,,,Texas Instruments,"
                        
                            Single 4.5-V to 5.5-V buffer with TTL-compatible CMOS inputs and 3-state outputs
                        
",None,https://www.snapeda.com/parts/SN74AHCT1G125DBVR/Texas+Instruments/view-part/?ref=snap,SN74AHCT1G125DBVR,In Stock,https://www.snapeda.com/parts/SN74AHCT1G125DBVR/Texas+Instruments/view-part/?ref=eda
