﻿pos_x,pos_y,rotation,side,designator,mpn,pack,footprint,value,mount_type
356.950001,-41.925,180.0,bottom,C1,,,C_0402_1005Metric,0.1uF,smt
395.050001,-51.45,180.0,bottom,C10,,,C_0402_1005Metric,0.1uF,smt
317.6,-63.98,0.0,bottom,C100,,,C_0402_1005Metric,100nF,smt
342.914643,-44.0125,90.0,bottom,C108,,,C_0402_1005Metric,1uF,smt
342.454643,-49.4825,0.0,bottom,C109,,,C_0402_1005Metric,1uF,smt
414.100001,-56.2125,180.0,bottom,C11,,,C_0402_1005Metric,0.1uF,smt
339.187144,-49.59,0.0,bottom,C110,,,C_0402_1005Metric,100nF,smt
433.150001,-60.975,180.0,bottom,C12,,,C_0402_1005Metric,0.1uF,smt
452.200001,-70.5,180.0,bottom,C13,,,C_0402_1005Metric,0.1uF,smt
476.012501,-70.5,180.0,bottom,C14,,,C_0402_1005Metric,0.1uF,smt
356.950001,-80.025,180.0,bottom,C15,,,C_0402_1005Metric,0.1uF,smt
376.000001,-75.2625,180.0,bottom,C16,,,C_0402_1005Metric,0.1uF,smt
395.050001,-70.5,180.0,bottom,C17,,,C_0402_1005Metric,0.1uF,smt
414.100001,-75.2625,180.0,bottom,C18,,,C_0402_1005Metric,0.1uF,smt
433.150001,-80.025,180.0,bottom,C19,,,C_0402_1005Metric,0.1uF,smt
376.000001,-37.1625,180.0,bottom,C2,,,C_0402_1005Metric,0.1uF,smt
452.200001,-89.55,180.0,bottom,C20,,,C_0402_1005Metric,0.1uF,smt
476.012501,-89.55,180.0,bottom,C21,,,C_0402_1005Metric,0.1uF,smt
356.950001,-99.075,180.0,bottom,C22,,,C_0402_1005Metric,0.1uF,smt
376.000001,-94.3125,180.0,bottom,C23,,,C_0402_1005Metric,0.1uF,smt
395.050001,-89.55,180.0,bottom,C24,,,C_0402_1005Metric,0.1uF,smt
414.100001,-94.3125,180.0,bottom,C25,,,C_0402_1005Metric,0.1uF,smt
433.150001,-99.075,180.0,bottom,C26,,,C_0402_1005Metric,0.1uF,smt
452.200001,-108.6,180.0,bottom,C27,,,C_0402_1005Metric,0.1uF,smt
476.012501,-108.6,180.0,bottom,C28,,,C_0402_1005Metric,0.1uF,smt
356.950001,-118.125,180.0,bottom,C29,,,C_0402_1005Metric,0.1uF,smt
395.050001,-32.4,180.0,bottom,C3,,,C_0402_1005Metric,0.1uF,smt
376.000001,-113.3625,180.0,bottom,C30,,,C_0402_1005Metric,0.1uF,smt
395.050001,-108.6,180.0,bottom,C31,,,C_0402_1005Metric,0.1uF,smt
414.100001,-113.3625,180.0,bottom,C32,,,C_0402_1005Metric,0.1uF,smt
433.150001,-118.125,180.0,bottom,C33,,,C_0402_1005Metric,0.1uF,smt
452.200001,-127.65,180.0,bottom,C34,,,C_0402_1005Metric,0.1uF,smt
476.012501,-127.65,180.0,bottom,C35,,,C_0402_1005Metric,0.1uF,smt
315.740702,-158.185971,-140.0,bottom,C36,,,C_0402_1005Metric,0.1uF,smt
333.651844,-143.966793,-145.0,bottom,C37,,,C_0402_1005Metric,0.1uF,smt
331.047082,-176.427405,-140.0,bottom,C38,,,C_0402_1005Metric,0.1uF,smt
347.310132,-163.472851,-145.0,bottom,C39,,,C_0402_1005Metric,0.1uF,smt
414.100001,-37.1625,180.0,bottom,C4,,,C_0402_1005Metric,0.1uF,smt
364.630878,-151.877748,-150.0,bottom,C40,,,C_0402_1005Metric,0.1uF,smt
418.862501,-141.9375,180.0,bottom,C41,,,C_0402_1005Metric,0.1uF,smt
399.812501,-160.9875,180.0,bottom,C42,,,C_0402_1005Metric,0.1uF,smt
418.862501,-160.9875,180.0,bottom,C43,,,C_0402_1005Metric,0.1uF,smt
437.912501,-160.9875,180.0,bottom,C44,,,C_0402_1005Metric,0.1uF,smt
342.754644,-50.8125,0.0,bottom,C45,,,C_0603_1608Metric,10uF,smt
329.647144,-62.54,-135.0,bottom,C46,,,C_0402_1005Metric,100nF,smt
334.867144,-55.8,135.0,bottom,C47,,,C_0402_1005Metric,100nF,smt
342.157144,-63.12,-45.0,bottom,C48,,,C_0402_1005Metric,100nF,smt
341.587144,-61.06,45.0,bottom,C49,,,C_0402_1005Metric,100nF,smt
433.150001,-41.925,180.0,bottom,C5,,,C_0402_1005Metric,0.1uF,smt
326.897144,-71.46,-90.0,bottom,C50,,,C_0805_2012Metric,100n,smt
324.797144,-71.45,-90.0,bottom,C51,,,C_0805_2012Metric,100n,smt
326.287144,-75.32,90.0,bottom,C52,,,C_0805_2012Metric,100n,smt
345.03,-43.962424,90.0,bottom,C53,,,C_0402_1005Metric,0.1uF,smt
452.200001,-51.45,180.0,bottom,C6,,,C_0402_1005Metric,0.1uF,smt
476.012501,-51.45,180.0,bottom,C7,,,C_0402_1005Metric,0.1uF,smt
356.950001,-60.975,180.0,bottom,C8,,,C_0402_1005Metric,0.1uF,smt
376.000001,-56.2125,180.0,bottom,C9,,,C_0402_1005Metric,0.1uF,smt
361.95,-47.625,180.0,bottom,CH1,,,KS33_Choc-v2_HS_1U,KS33_SW_solder,smt
400.05,-57.15,180.0,bottom,CH10,,,KS33_Choc-v2_HS_1U,KS33_SW_solder,smt
419.1,-61.9125,180.0,bottom,CH11,,,KS33_Choc-v2_HS_1U,KS33_SW_solder,smt
438.15,-66.675,180.0,bottom,CH12,,,KS33_Choc-v2_HS_1U,KS33_SW_solder,smt
457.2,-76.2,180.0,bottom,CH13,,,KS33_Choc-v2_HS_1U,KS33_SW_solder,smt
481.0125,-76.2,180.0,bottom,CH14,,,KS33_Choc-v2_HS_1.5U,KS33_SW_solder,smt
361.95,-85.725,180.0,bottom,CH15,,,KS33_Choc-v2_HS_1U,KS33_SW_solder,smt
381.0,-80.9625,180.0,bottom,CH16,,,KS33_Choc-v2_HS_1U,KS33_SW_solder,smt
400.05,-76.2,180.0,bottom,CH17,,,KS33_Choc-v2_HS_1U,KS33_SW_solder,smt
419.1,-80.9625,180.0,bottom,CH18,,,KS33_Choc-v2_HS_1U,KS33_SW_solder,smt
438.15,-85.725,180.0,bottom,CH19,,,KS33_Choc-v2_HS_1U,KS33_SW_solder,smt
381.0,-42.8625,180.0,bottom,CH2,,,KS33_Choc-v2_HS_1U,KS33_SW_solder,smt
457.2,-95.25,180.0,bottom,CH20,,,KS33_Choc-v2_HS_1U,KS33_SW_solder,smt
481.0125,-95.25,180.0,bottom,CH21,,,KS33_Choc-v2_HS_1.5U,KS33_SW_solder,smt
361.95,-104.775,180.0,bottom,CH22,,,KS33_Choc-v2_HS_1U,KS33_SW_solder,smt
381.0,-100.0125,180.0,bottom,CH23,,,KS33_Choc-v2_HS_1U,KS33_SW_solder,smt
400.05,-95.25,180.0,bottom,CH24,,,KS33_Choc-v2_HS_1U,KS33_SW_solder,smt
419.1,-100.0125,180.0,bottom,CH25,,,KS33_Choc-v2_HS_1U,KS33_SW_solder,smt
438.15,-104.775,180.0,bottom,CH26,,,KS33_Choc-v2_HS_1U,KS33_SW_solder,smt
457.2,-114.3,180.0,bottom,CH27,,,KS33_Choc-v2_HS_1U,KS33_SW_solder,smt
481.0125,-114.3,180.0,bottom,CH28,,,KS33_Choc-v2_HS_1.5U,KS33_SW_solder,smt
361.95,-123.825,180.0,bottom,CH29,,,KS33_Choc-v2_HS_1U,KS33_SW_solder,smt
400.05,-38.1,180.0,bottom,CH3,,,KS33_Choc-v2_HS_1U,KS33_SW_solder,smt
381.0,-119.0625,180.0,bottom,CH30,,,KS33_Choc-v2_HS_1U,KS33_SW_solder,smt
400.05,-114.3,180.0,bottom,CH31,,,KS33_Choc-v2_HS_1U,KS33_SW_solder,smt
419.1,-119.0625,180.0,bottom,CH32,,,KS33_Choc-v2_HS_1U,KS33_SW_solder,smt
438.15,-123.825,180.0,bottom,CH33,,,KS33_Choc-v2_HS_1U,KS33_SW_solder,smt
457.2,-133.35,180.0,bottom,CH34,,,KS33_Choc-v2_HS_1U,KS33_SW_solder,smt
481.0125,-133.35,180.0,bottom,CH35,,,KS33_Choc-v2_HS_1.5U,KS33_SW_solder,smt
323.234813,-159.338486,-140.0,bottom,CH36,,,KS33_Choc-v2_HS_1U,KS33_SW_solder,smt
341.016989,-145.768077,-145.0,bottom,CH37,,,KS33_Choc-v2_HS_1U,KS33_SW_solder,smt
338.541193,-177.57992,-140.0,bottom,CH38,,,KS33_Choc-v2_HS_1U,KS33_SW_solder,smt
354.675277,-165.274135,-145.0,bottom,CH39,,,KS33_Choc-v2_HS_1U,KS33_SW_solder,smt
419.1,-42.8625,180.0,bottom,CH4,,,KS33_Choc-v2_HS_1U,KS33_SW_solder,smt
371.811005,-154.314092,-150.0,bottom,CH40,,,KS33_Choc-v2_HS_1.5U,KS33_SW_solder,smt
423.8625,-147.6375,180.0,bottom,CH41,,,KS33_Choc-v2_HS_1.5U,KS33_SW_solder,smt
404.8125,-166.6875,180.0,bottom,CH42,,,KS33_Choc-v2_HS_1.5U,KS33_SW_solder,smt
423.8625,-166.6875,180.0,bottom,CH43,,,KS33_Choc-v2_HS_1U,KS33_SW_solder,smt
442.9125,-166.6875,180.0,bottom,CH44,,,KS33_Choc-v2_HS_1U,KS33_SW_solder,smt
438.15,-47.625,180.0,bottom,CH5,,,KS33_Choc-v2_HS_1U,KS33_SW_solder,smt
457.2,-57.15,180.0,bottom,CH6,,,KS33_Choc-v2_HS_1U,KS33_SW_solder,smt
481.0125,-57.15,180.0,bottom,CH7,,,KS33_Choc-v2_HS_1.5U,KS33_SW_solder,smt
361.95,-66.675,180.0,bottom,CH8,,,KS33_Choc-v2_HS_1U,KS33_SW_solder,smt
381.0,-61.9125,180.0,bottom,CH9,,,KS33_Choc-v2_HS_1U,KS33_SW_solder,smt
370.249999,-55.125,90.0,bottom,D1,,,D_SOD-123,D,smt
408.349999,-64.65,90.0,bottom,D10,,,D_SOD-123,D,smt
427.399999,-69.4125,90.0,bottom,D11,,,D_SOD-123,D,smt
446.449999,-74.175,90.0,bottom,D12,,,D_SOD-123,D,smt
465.499999,-83.7,90.0,bottom,D13,,,D_SOD-123,D,smt
489.312499,-83.7,90.0,bottom,D14,,,D_SOD-123,D,smt
370.249999,-93.225,90.0,bottom,D15,,,D_SOD-123,D,smt
389.299999,-88.4625,90.0,bottom,D16,,,D_SOD-123,D,smt
408.349999,-83.7,90.0,bottom,D17,,,D_SOD-123,D,smt
427.399999,-88.4625,90.0,bottom,D18,,,D_SOD-123,D,smt
446.449999,-93.225,90.0,bottom,D19,,,D_SOD-123,D,smt
389.299999,-50.3625,90.0,bottom,D2,,,D_SOD-123,D,smt
465.499999,-102.75,90.0,bottom,D20,,,D_SOD-123,D,smt
489.312499,-102.75,90.0,bottom,D21,,,D_SOD-123,D,smt
370.249999,-112.275,90.0,bottom,D22,,,D_SOD-123,D,smt
389.299999,-107.5125,90.0,bottom,D23,,,D_SOD-123,D,smt
408.349999,-102.75,90.0,bottom,D24,,,D_SOD-123,D,smt
427.399999,-107.5125,90.0,bottom,D25,,,D_SOD-123,D,smt
446.449999,-112.275,90.0,bottom,D26,,,D_SOD-123,D,smt
465.499999,-121.8,90.0,bottom,D27,,,D_SOD-123,D,smt
489.312499,-121.8,90.0,bottom,D28,,,D_SOD-123,D,smt
370.249999,-131.325,90.0,bottom,D29,,,D_SOD-123,D,smt
408.349999,-45.6,90.0,bottom,D3,,,D_SOD-123,D,smt
389.299999,-126.5625,90.0,bottom,D30,,,D_SOD-123,D,smt
408.349999,-121.8,90.0,bottom,D31,,,D_SOD-123,D,smt
427.399999,-126.5625,90.0,bottom,D32,,,D_SOD-123,D,smt
446.449999,-131.325,90.0,bottom,D33,,,D_SOD-123,D,smt
465.499999,-140.85,90.0,bottom,D34,,,D_SOD-123,D,smt
489.312499,-140.85,90.0,bottom,D35,,,D_SOD-123,D,smt
334.413888,-159.748682,130.0,bottom,D36,,,D_SOD-123,D,smt
352.117774,-147.151032,125.0,bottom,D37,,,D_SOD-123,D,smt
349.720268,-177.990116,130.0,bottom,D38,,,D_SOD-123,D,smt
365.776062,-166.65709,125.0,bottom,D39,,,D_SOD-123,D,smt
427.399999,-50.3625,90.0,bottom,D4,,,D_SOD-123,D,smt
382.749015,-156.659282,120.0,bottom,D40,,,D_SOD-123,D,smt
432.162499,-155.1375,90.0,bottom,D41,,,D_SOD-123,D,smt
413.1,-173.24,90.0,bottom,D42,,,D_SOD-123,D,smt
432.15,-173.24,90.0,bottom,D43,,,D_SOD-123,D,smt
451.2,-173.24,90.0,bottom,D44,,,D_SOD-123,D,smt
329.14,-73.0,90.0,bottom,D45,,,D_SOD-123,1N4148,smt
322.97,-75.9,90.0,bottom,D46,,,D_SOD-123,1N4148,smt
446.449999,-55.125,90.0,bottom,D5,,,D_SOD-123,D,smt
465.499999,-64.65,90.0,bottom,D6,,,D_SOD-123,D,smt
489.312499,-64.65,90.0,bottom,D7,,,D_SOD-123,D,smt
370.249999,-74.175,90.0,bottom,D8,,,D_SOD-123,D,smt
389.299999,-69.4125,90.0,bottom,D9,,,D_SOD-123,D,smt
331.23,-50.1,-90.0,bottom,F1,,,Fuse_1206_3216Metric,500mA,smt
316.237144,-60.66,-90.0,bottom,F2,,,Fuse_1206_3216Metric,500mA,smt
334.902552,-43.129687,16.75,bottom,J1,,,USB_C_Receptacle_HRO_TYPE-C-31-M-14,USB_C_Receptacle_USB2.0,smt
325.597145,-42.94,107.0,bottom,J2,,,PinHeader_1x05_P2.54mm_Vertical,Conn_01x05,tht
311.887144,-66.305,90.0,bottom,J3,,,USB_C_Receptacle_HRO_TYPE-C-31-M-14,USB_C_Receptacle_USB2.0,smt
361.95,-42.625,0.0,bottom,LED1,,,LED_choc_6028R,choc_SK6812MINI-E,smt
400.05,-52.15,0.0,bottom,LED10,,,LED_choc_6028R,choc_SK6812MINI-E,smt
419.1,-56.9125,0.0,bottom,LED11,,,LED_choc_6028R,choc_SK6812MINI-E,smt
438.15,-61.675,0.0,bottom,LED12,,,LED_choc_6028R,choc_SK6812MINI-E,smt
457.2,-71.2,0.0,bottom,LED13,,,LED_choc_6028R,choc_SK6812MINI-E,smt
481.0125,-71.2,0.0,bottom,LED14,,,LED_choc_6028R,choc_SK6812MINI-E,smt
361.95,-80.725,0.0,bottom,LED15,,,LED_choc_6028R,choc_SK6812MINI-E,smt
381.0,-75.9625,0.0,bottom,LED16,,,LED_choc_6028R,choc_SK6812MINI-E,smt
400.05,-71.2,0.0,bottom,LED17,,,LED_choc_6028R,choc_SK6812MINI-E,smt
419.1,-75.9625,0.0,bottom,LED18,,,LED_choc_6028R,choc_SK6812MINI-E,smt
438.15,-80.725,0.0,bottom,LED19,,,LED_choc_6028R,choc_SK6812MINI-E,smt
381.0,-37.8625,0.0,bottom,LED2,,,LED_choc_6028R,choc_SK6812MINI-E,smt
457.2,-90.25,0.0,bottom,LED20,,,LED_choc_6028R,choc_SK6812MINI-E,smt
481.0125,-90.25,0.0,bottom,LED21,,,LED_choc_6028R,choc_SK6812MINI-E,smt
361.95,-99.775,0.0,bottom,LED22,,,LED_choc_6028R,choc_SK6812MINI-E,smt
381.0,-95.0125,0.0,bottom,LED23,,,LED_choc_6028R,choc_SK6812MINI-E,smt
400.05,-90.25,0.0,bottom,LED24,,,LED_choc_6028R,choc_SK6812MINI-E,smt
419.1,-95.0125,0.0,bottom,LED25,,,LED_choc_6028R,choc_SK6812MINI-E,smt
438.15,-99.775,0.0,bottom,LED26,,,LED_choc_6028R,choc_SK6812MINI-E,smt
457.2,-109.3,0.0,bottom,LED27,,,LED_choc_6028R,choc_SK6812MINI-E,smt
481.0125,-109.3,0.0,bottom,LED28,,,LED_choc_6028R,choc_SK6812MINI-E,smt
361.95,-118.825,0.0,bottom,LED29,,,LED_choc_6028R,choc_SK6812MINI-E,smt
400.05,-33.1,0.0,bottom,LED3,,,LED_choc_6028R,choc_SK6812MINI-E,smt
381.0,-114.0625,0.0,bottom,LED30,,,LED_choc_6028R,choc_SK6812MINI-E,smt
400.05,-109.3,0.0,bottom,LED31,,,LED_choc_6028R,choc_SK6812MINI-E,smt
419.1,-114.0625,0.0,bottom,LED32,,,LED_choc_6028R,choc_SK6812MINI-E,smt
438.15,-118.825,0.0,bottom,LED33,,,LED_choc_6028R,choc_SK6812MINI-E,smt
457.2,-128.35,0.0,bottom,LED34,,,LED_choc_6028R,choc_SK6812MINI-E,smt
481.0125,-128.35,0.0,bottom,LED35,,,LED_choc_6028R,choc_SK6812MINI-E,smt
320.020875,-155.508264,40.0,bottom,LED36,,,LED_choc_6028R,choc_SK6812MINI-E,smt
338.149107,-141.672317,35.0,bottom,LED37,,,LED_choc_6028R,choc_SK6812MINI-E,smt
335.327255,-173.749698,40.0,bottom,LED38,,,LED_choc_6028R,choc_SK6812MINI-E,smt
351.807395,-161.178375,35.0,bottom,LED39,,,LED_choc_6028R,choc_SK6812MINI-E,smt
419.1,-37.8625,0.0,bottom,LED4,,,LED_choc_6028R,choc_SK6812MINI-E,smt
369.311006,-149.983965,30.0,bottom,LED40,,,LED_choc_6028R,choc_SK6812MINI-E,smt
423.8625,-142.6375,0.0,bottom,LED41,,,LED_choc_6028R,choc_SK6812MINI-E,smt
404.8125,-161.6875,0.0,bottom,LED42,,,LED_choc_6028R,choc_SK6812MINI-E,smt
423.8625,-161.6875,0.0,bottom,LED43,,,LED_choc_6028R,choc_SK6812MINI-E,smt
442.9125,-161.6875,0.0,bottom,LED44,,,LED_choc_6028R,choc_SK6812MINI-E,smt
438.15,-42.625,0.0,bottom,LED5,,,LED_choc_6028R,choc_SK6812MINI-E,smt
457.2,-52.15,0.0,bottom,LED6,,,LED_choc_6028R,choc_SK6812MINI-E,smt
481.0125,-52.15,0.0,bottom,LED7,,,LED_choc_6028R,choc_SK6812MINI-E,smt
361.95,-61.675,0.0,bottom,LED8,,,LED_choc_6028R,choc_SK6812MINI-E,smt
381.0,-56.9125,0.0,bottom,LED9,,,LED_choc_6028R,choc_SK6812MINI-E,smt
317.469644,-72.12,90.0,bottom,Q3,,,SOT-23-3,MMUN2133LT1G,smt
333.957144,-47.83,90.0,bottom,R1,,,R_0402_1005Metric,5.1k,smt
338.167144,-47.85,-90.0,bottom,R2,,,R_0402_1005Metric,5.1k,smt
328.597144,-59.39,-135.0,bottom,R5,,,R_0402_1005Metric,5.1k,smt
320.557144,-71.47,-90.0,bottom,R6,,,R_0805_2012Metric,120,smt
322.737144,-71.44,-90.0,bottom,R7,,,R_0805_2012Metric,68k,smt
322.757144,-67.86,90.0,bottom,R9,,,R_0805_2012Metric,68k,smt
311.587144,-84.7,-90.0,bottom,RESET1,,,SW_SPST_TL3342,DFU,smt
335.613039,-61.800769,135.0,bottom,U1,,,LQFP-48_7x7mm_P0.5mm,STM32G474CETx,smt
336.037144,-48.62,0.0,bottom,U2,,,SOT-143,PRTR5V0U2X,smt
342.897144,-47.0525,90.0,bottom,U3,,,SOT-23,XC6206PxxxMR-Regulator_Linear,smt
319.01,-117.01,90.0,top,U4,,,CR2013-MI2120,CR2013-MI2120,tht
316.157144,-66.28,90.0,bottom,U5,,,SOT-143,PRTR5V0U2X,smt
501.57,-80.34,180.0,top,U6,,,Pogo_2.54mm_5p,~,tht
501.57,-107.44,180.0,top,U7,,,Pogo_2.54mm_5p,~,tht
347.55,-44.552424,90.0,bottom,U8,,SOT-23-5 Texas Instruments,SOT95P280X145-5N,SN74AHCT1G125DBVR,smt
