﻿pos_x,pos_y,rotation,side,designator,mpn,pack,footprint,value,mount_type
195.449999,-81.59,0.0,bottom,BOOT1,,,SW_SPST_TL3342,SW_SPST,smt
39.5,-54.9,180.0,bottom,C1,,,C_0402_1005Metric,0.1uF,smt
95.38,-69.21,0.0,bottom,C10,,,C_0402_1005Metric,0.1uF,smt
189.99,-71.94,-90.0,bottom,C100,,,C_0402_1005Metric,100nF,smt
185.45,-56.19,180.0,bottom,C101,,,C_0603_1608Metric,10uF,smt
193.71,-70.73,0.0,bottom,C102,,,C_0402_1005Metric,100nF,smt
188.49,-72.44,0.0,bottom,C103,,,C_0402_1005Metric,100nF,smt
194.21,-69.27,-90.0,bottom,C104,,,C_0402_1005Metric,100nF,smt
185.75,-54.93,180.0,bottom,C105,,,C_0402_1005Metric,100nF,smt
193.99,-60.56,0.0,bottom,C106,,,C_0402_1005Metric,100nF,smt
192.47,-48.26,0.0,bottom,C107,,,C_0402_1005Metric,1uF,smt
185.25,-60.72,90.0,bottom,C108,,,C_0402_1005Metric,1uF,smt
182.75,-52.21,90.0,bottom,C109,,,C_0402_1005Metric,100nF,smt
113.3,-60.71,0.0,bottom,C11,,,C_0402_1005Metric,0.1uF,smt
131.3,-56.45,0.0,bottom,C12,,,C_0402_1005Metric,0.1uF,smt
149.44,-60.71,0.0,bottom,C13,,,C_0402_1005Metric,0.1uF,smt
167.46,-64.93,0.0,bottom,C14,,,C_0402_1005Metric,0.1uF,smt
39.5,-88.9,180.0,bottom,C15,,,C_0402_1005Metric,0.1uF,smt
62.0,-88.9,180.0,bottom,C16,,,C_0402_1005Metric,0.1uF,smt
84.5,-84.65,180.0,bottom,C17,,,C_0402_1005Metric,0.1uF,smt
102.5,-76.15,180.0,bottom,C18,,,C_0402_1005Metric,0.1uF,smt
120.5,-71.9,180.0,bottom,C19,,,C_0402_1005Metric,0.1uF,smt
62.0,-54.9,180.0,bottom,C2,,,C_0402_1005Metric,0.1uF,smt
138.5,-76.15,180.0,bottom,C20,,,C_0402_1005Metric,0.1uF,smt
156.5,-80.4,180.0,bottom,C21,,,C_0402_1005Metric,0.1uF,smt
50.32,-107.45,0.0,bottom,C22,,,C_0402_1005Metric,0.1uF,smt
72.88,-107.44,0.0,bottom,C23,,,C_0402_1005Metric,0.1uF,smt
95.36,-103.2,0.0,bottom,C24,,,C_0402_1005Metric,0.1uF,smt
113.43,-94.68,0.0,bottom,C25,,,C_0402_1005Metric,0.1uF,smt
131.26,-90.46,0.0,bottom,C26,,,C_0402_1005Metric,0.1uF,smt
149.23,-94.7,0.0,bottom,C27,,,C_0402_1005Metric,0.1uF,smt
167.29,-98.93,0.0,bottom,C28,,,C_0402_1005Metric,0.1uF,smt
39.5,-122.9,180.0,bottom,C29,,,C_0402_1005Metric,0.1uF,smt
84.5,-50.65,180.0,bottom,C3,,,C_0402_1005Metric,0.1uF,smt
62.0,-122.9,180.0,bottom,C30,,,C_0402_1005Metric,0.1uF,smt
84.5,-118.65,180.0,bottom,C31,,,C_0402_1005Metric,0.1uF,smt
102.5,-110.15,180.0,bottom,C32,,,C_0402_1005Metric,0.1uF,smt
120.5,-105.9,180.0,bottom,C33,,,C_0402_1005Metric,0.1uF,smt
138.5,-110.15,180.0,bottom,C34,,,C_0402_1005Metric,0.1uF,smt
156.5,-114.4,180.0,bottom,C35,,,C_0402_1005Metric,0.1uF,smt
183.32,-141.35,-30.0,bottom,C36,,,C_0402_1005Metric,0.1uF,smt
198.89,-150.39,-30.0,bottom,C37,,,C_0402_1005Metric,0.1uF,smt
171.155426,-159.356166,-120.0,bottom,C38,,,C_0402_1005Metric,0.1uF,smt
186.47,-168.688398,-120.0,bottom,C39,,,C_0402_1005Metric,0.1uF,smt
102.5,-42.15,180.0,bottom,C4,,,C_0402_1005Metric,0.1uF,smt
181.789999,-43.13,0.0,bottom,C43,,,C_0402_1005Metric,0.1uF,smt
178.809999,-43.23,0.0,bottom,C44,,,C_0402_1005Metric,0.1uF,smt
120.5,-37.9,180.0,bottom,C5,,,C_0402_1005Metric,0.1uF,smt
138.5,-42.15,180.0,bottom,C6,,,C_0402_1005Metric,0.1uF,smt
156.5,-46.4,180.0,bottom,C7,,,C_0402_1005Metric,0.1uF,smt
49.68,-73.95,-90.0,bottom,C8,,,C_0402_1005Metric,0.1uF,smt
72.75,-73.47,0.0,bottom,C9,,,C_0402_1005Metric,0.1uF,smt
45.0,-51.0,0.0,bottom,CH1,,,SW_choc_v1_HS_CPG135001S30_1u,choc_v1_SW_HS,smt
90.0,-63.75,0.0,bottom,CH10,,,SW_choc_v1_HS_CPG135001S30_1u,choc_v1_SW_HS,smt
108.0,-55.25,0.0,bottom,CH11,,,SW_choc_v1_HS_CPG135001S30_1u,choc_v1_SW_HS,smt
126.0,-51.0,0.0,bottom,CH12,,,SW_choc_v1_HS_CPG135001S30_1u,choc_v1_SW_HS,smt
144.0,-55.25,0.0,bottom,CH13,,,SW_choc_v1_HS_CPG135001S30_1u,choc_v1_SW_HS,smt
162.0,-59.5,0.0,bottom,CH14,,,SW_choc_v1_HS_CPG135001S30_1u,choc_v1_SW_HS,smt
45.0,-85.0,0.0,bottom,CH15,,,SW_choc_v1_HS_CPG135001S30_1u,choc_v1_SW_HS,smt
67.5,-85.0,0.0,bottom,CH16,,,SW_choc_v1_HS_CPG135001S30_1.5u,choc_v1_SW_HS,smt
90.0,-80.75,0.0,bottom,CH17,,,SW_choc_v1_HS_CPG135001S30_1u,choc_v1_SW_HS,smt
108.0,-72.25,0.0,bottom,CH18,,,SW_choc_v1_HS_CPG135001S30_1u,choc_v1_SW_HS,smt
126.0,-68.0,0.0,bottom,CH19,,,SW_choc_v1_HS_CPG135001S30_1u,choc_v1_SW_HS,smt
67.5,-51.0,0.0,bottom,CH2,,,SW_choc_v1_HS_CPG135001S30_1.5u,choc_v1_SW_HS,smt
144.0,-72.25,0.0,bottom,CH20,,,SW_choc_v1_HS_CPG135001S30_1u,choc_v1_SW_HS,smt
162.0,-76.5,0.0,bottom,CH21,,,SW_choc_v1_HS_CPG135001S30_1u,choc_v1_SW_HS,smt
45.0,-102.0,0.0,bottom,CH22,,,SW_choc_v1_HS_CPG135001S30_1u,choc_v1_SW_HS,smt
67.5,-102.0,0.0,bottom,CH23,,,SW_choc_v1_HS_CPG135001S30_1.5u,choc_v1_SW_HS,smt
90.0,-97.75,0.0,bottom,CH24,,,SW_choc_v1_HS_CPG135001S30_1u,choc_v1_SW_HS,smt
108.0,-89.25,0.0,bottom,CH25,,,SW_choc_v1_HS_CPG135001S30_1u,choc_v1_SW_HS,smt
126.0,-85.0,0.0,bottom,CH26,,,SW_choc_v1_HS_CPG135001S30_1u,choc_v1_SW_HS,smt
144.0,-89.25,0.0,bottom,CH27,,,SW_choc_v1_HS_CPG135001S30_1u,choc_v1_SW_HS,smt
162.0,-93.5,0.0,bottom,CH28,,,SW_choc_v1_HS_CPG135001S30_1u,choc_v1_SW_HS,smt
45.0,-119.0,0.0,bottom,CH29,,,SW_choc_v1_HS_CPG135001S30_1u,choc_v1_SW_HS,smt
90.0,-46.75,0.0,bottom,CH3,,,SW_choc_v1_HS_CPG135001S30_1u,choc_v1_SW_HS,smt
67.5,-119.0,0.0,bottom,CH30,,,SW_choc_v1_HS_CPG135001S30_1.5u,choc_v1_SW_HS,smt
90.0,-114.75,0.0,bottom,CH31,,,SW_choc_v1_HS_CPG135001S30_1u,choc_v1_SW_HS,smt
108.0,-106.25,0.0,bottom,CH32,,,SW_choc_v1_HS_CPG135001S30_1u,choc_v1_SW_HS,smt
126.0,-102.0,0.0,bottom,CH33,,,SW_choc_v1_HS_CPG135001S30_1u,choc_v1_SW_HS,smt
144.0,-106.25,0.0,bottom,CH34,,,SW_choc_v1_HS_CPG135001S30_1u,choc_v1_SW_HS,smt
162.0,-110.5,0.0,bottom,CH35,,,SW_choc_v1_HS_CPG135001S30_1u,choc_v1_SW_HS,smt
181.259573,-133.90304,-30.0,bottom,CH36,,,SW_choc_v1_HS_CPG135001S30_1u,choc_v1_SW_HS,smt
196.84803,-142.90304,-30.0,bottom,CH37,,,SW_choc_v1_HS_CPG135001S30_1u,choc_v1_SW_HS,smt
170.25,-152.965259,60.0,bottom,CH38,,,SW_choc_v1_HS_CPG135001S30_1.5u,choc_v1_SW_HS,smt
185.842501,-161.975259,60.0,bottom,CH39,,,SW_choc_v1_HS_CPG135001S30_1.5u,choc_v1_SW_HS,smt
108.0,-38.25,0.0,bottom,CH4,,,SW_choc_v1_HS_CPG135001S30_1u,choc_v1_SW_HS,smt
126.0,-34.0,0.0,bottom,CH5,,,SW_choc_v1_HS_CPG135001S30_1u,choc_v1_SW_HS,smt
144.0,-38.25,0.0,bottom,CH6,,,SW_choc_v1_HS_CPG135001S30_1u,choc_v1_SW_HS,smt
162.0,-42.5,0.0,bottom,CH7,,,SW_choc_v1_HS_CPG135001S30_1u,choc_v1_SW_HS,smt
45.0,-68.0,0.0,bottom,CH8,,,SW_choc_v1_HS_CPG135001S30_1u,choc_v1_SW_HS,smt
67.5,-68.0,0.0,bottom,CH9,,,SW_choc_v1_HS_CPG135001S30_1.5u,choc_v1_SW_HS,smt
42.0,-51.7,90.0,bottom,D1,,,D_SOD-123,D,smt
87.0,-64.45,90.0,bottom,D10,,,D_SOD-123,D,smt
105.0,-55.95,90.0,bottom,D11,,,D_SOD-123,D,smt
123.0,-51.7,90.0,bottom,D12,,,D_SOD-123,D,smt
141.0,-55.95,90.0,bottom,D13,,,D_SOD-123,D,smt
159.0,-60.2,90.0,bottom,D14,,,D_SOD-123,D,smt
42.0,-85.7,90.0,bottom,D15,,,D_SOD-123,D,smt
64.5,-85.7,90.0,bottom,D16,,,D_SOD-123,D,smt
87.0,-81.45,90.0,bottom,D17,,,D_SOD-123,D,smt
105.0,-72.95,90.0,bottom,D18,,,D_SOD-123,D,smt
123.0,-68.7,90.0,bottom,D19,,,D_SOD-123,D,smt
64.5,-51.7,90.0,bottom,D2,,,D_SOD-123,D,smt
141.0,-72.95,90.0,bottom,D20,,,D_SOD-123,D,smt
159.0,-77.2,90.0,bottom,D21,,,D_SOD-123,D,smt
42.0,-102.7,90.0,bottom,D22,,,D_SOD-123,D,smt
64.5,-102.7,90.0,bottom,D23,,,D_SOD-123,D,smt
87.0,-98.45,90.0,bottom,D24,,,D_SOD-123,D,smt
105.0,-89.95,90.0,bottom,D25,,,D_SOD-123,D,smt
123.0,-85.7,90.0,bottom,D26,,,D_SOD-123,D,smt
141.0,-89.95,90.0,bottom,D27,,,D_SOD-123,D,smt
159.0,-94.2,90.0,bottom,D28,,,D_SOD-123,D,smt
42.0,-119.7,90.0,bottom,D29,,,D_SOD-123,D,smt
87.0,-47.45,90.0,bottom,D3,,,D_SOD-123,D,smt
64.5,-119.7,90.0,bottom,D30,,,D_SOD-123,D,smt
87.0,-115.45,90.0,bottom,D31,,,D_SOD-123,D,smt
105.0,-106.95,90.0,bottom,D32,,,D_SOD-123,D,smt
123.0,-102.7,90.0,bottom,D33,,,D_SOD-123,D,smt
141.0,-106.95,90.0,bottom,D34,,,D_SOD-123,D,smt
159.0,-111.2,90.0,bottom,D35,,,D_SOD-123,D,smt
178.311497,-133.009258,60.0,bottom,D36,,,D_SOD-123,D,smt
193.899954,-142.009258,60.0,bottom,D37,,,D_SOD-123,D,smt
169.06,-155.913335,150.0,bottom,D38,,,D_SOD-123,D,smt
184.69,-164.98,150.0,bottom,D39,,,D_SOD-123,D,smt
105.0,-38.95,90.0,bottom,D4,,,D_SOD-123,D,smt
123.0,-34.7,90.0,bottom,D5,,,D_SOD-123,D,smt
141.0,-38.95,90.0,bottom,D6,,,D_SOD-123,D,smt
159.0,-43.2,90.0,bottom,D7,,,D_SOD-123,D,smt
42.0,-68.7,90.0,bottom,D8,,,D_SOD-123,D,smt
64.5,-68.7,90.0,bottom,D9,,,D_SOD-123,D,smt
185.919999,-45.92,-90.0,bottom,F1,,,Fuse_1206_3216Metric,500mA,smt
189.814592,-41.369687,-17.0,bottom,J1,,,USB_C_Receptacle_HRO_TYPE-C-31-M-14,USB_C_Receptacle_USB2.0,smt
199.119999,-41.18,73.0,top,J2,,,PinHeader_1x05_P2.54mm_Vertical,Conn_01x05,tht
212.83,-64.545,-90.0,bottom,J3,,,USB_C_Receptacle_HRO_TYPE-C-31-M-14,USB_C_Receptacle_USB2.0,smt
45.0,-55.7,0.0,bottom,LED1,,,LED_choc_6028R,choc_SK6812MINI-E,smt
90.0,-68.45,180.0,bottom,LED10,,,LED_choc_6028R,choc_SK6812MINI-E,smt
108.0,-59.95,180.0,bottom,LED11,,,LED_choc_6028R,choc_SK6812MINI-E,smt
126.0,-55.7,180.0,bottom,LED12,,,LED_choc_6028R,choc_SK6812MINI-E,smt
144.0,-59.95,180.0,bottom,LED13,,,LED_choc_6028R,choc_SK6812MINI-E,smt
162.0,-64.2,180.0,bottom,LED14,,,LED_choc_6028R,choc_SK6812MINI-E,smt
45.0,-89.7,0.0,bottom,LED15,,,LED_choc_6028R,choc_SK6812MINI-E,smt
67.5,-89.7,0.0,bottom,LED16,,,LED_choc_6028R,choc_SK6812MINI-E,smt
90.0,-85.45,0.0,bottom,LED17,,,LED_choc_6028R,choc_SK6812MINI-E,smt
108.0,-76.95,0.0,bottom,LED18,,,LED_choc_6028R,choc_SK6812MINI-E,smt
126.0,-72.7,0.0,bottom,LED19,,,LED_choc_6028R,choc_SK6812MINI-E,smt
67.5,-55.7,0.0,bottom,LED2,,,LED_choc_6028R,choc_SK6812MINI-E,smt
144.0,-76.95,0.0,bottom,LED20,,,LED_choc_6028R,choc_SK6812MINI-E,smt
162.0,-81.2,0.0,bottom,LED21,,,LED_choc_6028R,choc_SK6812MINI-E,smt
45.0,-106.7,180.0,bottom,LED22,,,LED_choc_6028R,choc_SK6812MINI-E,smt
67.5,-106.7,180.0,bottom,LED23,,,LED_choc_6028R,choc_SK6812MINI-E,smt
90.0,-102.45,180.0,bottom,LED24,,,LED_choc_6028R,choc_SK6812MINI-E,smt
108.0,-93.95,180.0,bottom,LED25,,,LED_choc_6028R,choc_SK6812MINI-E,smt
126.0,-89.7,180.0,bottom,LED26,,,LED_choc_6028R,choc_SK6812MINI-E,smt
144.0,-93.95,180.0,bottom,LED27,,,LED_choc_6028R,choc_SK6812MINI-E,smt
162.0,-98.2,180.0,bottom,LED28,,,LED_choc_6028R,choc_SK6812MINI-E,smt
45.0,-123.7,0.0,bottom,LED29,,,LED_choc_6028R,choc_SK6812MINI-E,smt
90.0,-51.45,0.0,bottom,LED3,,,LED_choc_6028R,choc_SK6812MINI-E,smt
67.5,-123.7,0.0,bottom,LED30,,,LED_choc_6028R,choc_SK6812MINI-E,smt
90.0,-119.45,0.0,bottom,LED31,,,LED_choc_6028R,choc_SK6812MINI-E,smt
108.0,-110.95,0.0,bottom,LED32,,,LED_choc_6028R,choc_SK6812MINI-E,smt
126.0,-106.7,0.0,bottom,LED33,,,LED_choc_6028R,choc_SK6812MINI-E,smt
144.0,-110.95,0.0,bottom,LED34,,,LED_choc_6028R,choc_SK6812MINI-E,smt
162.0,-115.2,0.0,bottom,LED35,,,LED_choc_6028R,choc_SK6812MINI-E,smt
178.909574,-137.973359,150.0,bottom,LED36,,,LED_choc_6028R,choc_SK6812MINI-E,smt
194.498031,-146.973359,150.0,bottom,LED37,,,LED_choc_6028R,choc_SK6812MINI-E,smt
174.320319,-155.315258,60.0,bottom,LED38,,,LED_choc_6028R,choc_SK6812MINI-E,smt
189.91282,-164.325258,60.0,bottom,LED39,,,LED_choc_6028R,choc_SK6812MINI-E,smt
108.0,-42.95,0.0,bottom,LED4,,,LED_choc_6028R,choc_SK6812MINI-E,smt
126.0,-38.7,0.0,bottom,LED5,,,LED_choc_6028R,choc_SK6812MINI-E,smt
144.0,-42.95,0.0,bottom,LED6,,,LED_choc_6028R,choc_SK6812MINI-E,smt
162.0,-47.2,0.0,bottom,LED7,,,LED_choc_6028R,choc_SK6812MINI-E,smt
45.0,-72.7,180.0,bottom,LED8,,,LED_choc_6028R,choc_SK6812MINI-E,smt
67.5,-72.7,180.0,bottom,LED9,,,LED_choc_6028R,choc_SK6812MINI-E,smt
185.304999,-104.8425,-90.0,bottom,Q1,,,SOT-23-3,AO3401A,smt
185.279999,-99.9875,-90.0,bottom,Q2,,,SOT-23-3,MMUN2233LT1G,smt
193.679999,-47.26,180.0,bottom,R1,,,R_0402_1005Metric,5.1k,smt
192.719999,-46.03,0.0,bottom,R2,,,R_0402_1005Metric,5.1k,smt
200.869999,-79.68,0.0,bottom,R3,,,R_0402_1005Metric,5.1k,smt
200.919999,-80.88,180.0,bottom,R4,,,R_0402_1005Metric,5.1k,smt
184.189999,-81.67,180.0,bottom,RST1,,,SW_SPST_TL3342,SW_SPST,smt
189.719999,-65.03,90.0,bottom,U1,,,LQFP-48_7x7mm_P0.5mm,STM32F072CBT6,smt
189.719999,-47.28,0.0,bottom,U2,,,SOT-143,PRTR5V0U2X,smt
185.234999,-52.6825,180.0,bottom,U3,,,SOT-23,XC6206PxxxMR-Regulator_Linear,smt
185.41,-115.19,90.0,top,U4,,,CR2013-MI2120,CR2013-MI2120,tht
180.279999,-45.14,180.0,bottom,U5,,,SOT-363_SC-70-6_Handsoldering,TXB0101,smt
37.06,-71.24,0.0,top,U6,,,Pogo_2.54mm_5p,~,tht
36.91,-98.34,0.0,top,U7,,,Pogo_2.54mm_5p,~,tht
