﻿pos_x,pos_y,rotation,side,designator,mpn,pack,footprint,value,mount_type
32.1,-42.1,180.0,bottom,C1,,,C_0402_1005Metric,0.1uF,smt
217.8375,-42.1,180.0,bottom,C10,,,C_0402_1005Metric,0.1uF,smt
298.8,-161.1625,180.0,bottom,C100,,,C_0402_1005Metric,0.1uF,smt
332.1375,-161.1625,180.0,bottom,C101,,,C_0402_1005Metric,0.1uF,smt
360.7125,-161.1625,180.0,bottom,C102,,,C_0402_1005Metric,0.1uF,smt
379.7625,-151.6375,180.0,bottom,C103,,,C_0402_1005Metric,0.1uF,smt
340.41,-47.15,135.0,bottom,C104,,,C_0402_1005Metric,100nF,smt
333.76,-55.96,-135.0,bottom,C105,,,C_0402_1005Metric,100nF,smt
337.77,-47.35,135.0,bottom,C106,,,C_0402_1005Metric,100nF,smt
337.07,-48.05,135.0,bottom,C107,,,C_0402_1005Metric,100nF,smt
349.23,-53.76,45.0,bottom,C108,,,C_0402_1005Metric,100nF,smt
342.61,-62.6,-45.0,bottom,C109,,,C_0402_1005Metric,100nF,smt
236.8875,-42.1,180.0,bottom,C11,,,C_0402_1005Metric,0.1uF,smt
340.43,-62.61,-135.0,bottom,C110,,,C_0402_1005Metric,100nF,smt
331.76,-31.75,180.0,bottom,C112,,,C_0402_1005Metric,0.1uF,smt
255.9375,-42.1,180.0,bottom,C12,,,C_0402_1005Metric,0.1uF,smt
368.15,-45.82,90.0,bottom,C120,,,C_0805_2012Metric,100n,smt
366.09,-45.82,90.0,bottom,C121,,,C_0805_2012Metric,100n,smt
337.54,-40.15,90.0,bottom,C127,,,C_0402_1005Metric,1uF,smt
340.6,-42.87,180.0,bottom,C128,,,C_0402_1005Metric,1uF,smt
350.27,-43.69,0.0,bottom,C129,,,C_0402_1005Metric,100nF,smt
274.9875,-42.1,180.0,bottom,C13,,,C_0402_1005Metric,0.1uF,smt
359.89,-47.41,90.0,bottom,C130,,,C_0805_2012Metric,100n,smt
298.8,-42.1,180.0,bottom,C14,,,C_0402_1005Metric,0.1uF,smt
43.59,-67.44,0.0,bottom,C15,,,C_0402_1005Metric,0.1uF,smt
63.02,-67.44,0.0,bottom,C16,,,C_0402_1005Metric,0.1uF,smt
82.08,-67.4,0.0,bottom,C17,,,C_0402_1005Metric,0.1uF,smt
100.79,-67.45,0.0,bottom,C18,,,C_0402_1005Metric,0.1uF,smt
119.72,-67.45,0.0,bottom,C19,,,C_0402_1005Metric,0.1uF,smt
55.9125,-42.1,180.0,bottom,C2,,,C_0402_1005Metric,0.1uF,smt
138.88,-67.44,0.0,bottom,C20,,,C_0402_1005Metric,0.1uF,smt
158.06,-67.47,0.0,bottom,C21,,,C_0402_1005Metric,0.1uF,smt
177.11,-67.37,0.0,bottom,C22,,,C_0402_1005Metric,0.1uF,smt
196.45,-67.4,0.0,bottom,C23,,,C_0402_1005Metric,0.1uF,smt
215.06,-67.44,0.0,bottom,C24,,,C_0402_1005Metric,0.1uF,smt
234.21,-67.46,0.0,bottom,C25,,,C_0402_1005Metric,0.1uF,smt
253.06,-67.41,0.0,bottom,C26,,,C_0402_1005Metric,0.1uF,smt
272.36,-67.44,0.0,bottom,C27,,,C_0402_1005Metric,0.1uF,smt
300.65,-67.46,0.0,bottom,C28,,,C_0402_1005Metric,0.1uF,smt
36.8625,-84.9625,180.0,bottom,C29,,,C_0402_1005Metric,0.1uF,smt
74.9625,-42.1,180.0,bottom,C3,,,C_0402_1005Metric,0.1uF,smt
60.675,-84.9625,180.0,bottom,C30,,,C_0402_1005Metric,0.1uF,smt
79.725,-84.9625,180.0,bottom,C31,,,C_0402_1005Metric,0.1uF,smt
98.775,-84.9625,180.0,bottom,C32,,,C_0402_1005Metric,0.1uF,smt
117.825,-84.9625,180.0,bottom,C33,,,C_0402_1005Metric,0.1uF,smt
136.875,-84.9625,180.0,bottom,C34,,,C_0402_1005Metric,0.1uF,smt
155.925,-84.9625,180.0,bottom,C35,,,C_0402_1005Metric,0.1uF,smt
174.975,-84.9625,180.0,bottom,C36,,,C_0402_1005Metric,0.1uF,smt
194.025,-84.9625,180.0,bottom,C37,,,C_0402_1005Metric,0.1uF,smt
213.075,-84.9625,180.0,bottom,C38,,,C_0402_1005Metric,0.1uF,smt
232.125,-84.9625,180.0,bottom,C39,,,C_0402_1005Metric,0.1uF,smt
94.0125,-42.1,180.0,bottom,C4,,,C_0402_1005Metric,0.1uF,smt
251.175,-84.9625,180.0,bottom,C40,,,C_0402_1005Metric,0.1uF,smt
270.225,-84.9625,180.0,bottom,C41,,,C_0402_1005Metric,0.1uF,smt
294.0375,-84.9625,180.0,bottom,C42,,,C_0402_1005Metric,0.1uF,smt
322.6125,-84.9625,180.0,bottom,C43,,,C_0402_1005Metric,0.1uF,smt
341.6625,-84.9625,180.0,bottom,C44,,,C_0402_1005Metric,0.1uF,smt
360.7125,-84.9625,180.0,bottom,C45,,,C_0402_1005Metric,0.1uF,smt
379.7625,-84.9625,180.0,bottom,C46,,,C_0402_1005Metric,0.1uF,smt
50.57,-105.54,0.0,bottom,C47,,,C_0402_1005Metric,0.1uF,smt
76.75,-105.5,0.0,bottom,C48,,,C_0402_1005Metric,0.1uF,smt
95.75,-105.48,0.0,bottom,C49,,,C_0402_1005Metric,0.1uF,smt
113.0625,-42.1,180.0,bottom,C5,,,C_0402_1005Metric,0.1uF,smt
114.95,-105.54,0.0,bottom,C50,,,C_0402_1005Metric,0.1uF,smt
133.81,-105.51,0.0,bottom,C51,,,C_0402_1005Metric,0.1uF,smt
152.96,-105.56,0.0,bottom,C52,,,C_0402_1005Metric,0.1uF,smt
172.13,-105.56,0.0,bottom,C53,,,C_0402_1005Metric,0.1uF,smt
191.26,-105.52,0.0,bottom,C54,,,C_0402_1005Metric,0.1uF,smt
210.01,-105.55,0.0,bottom,C55,,,C_0402_1005Metric,0.1uF,smt
229.28,-105.53,0.0,bottom,C56,,,C_0402_1005Metric,0.1uF,smt
248.14,-105.54,0.0,bottom,C57,,,C_0402_1005Metric,0.1uF,smt
267.41,-105.58,0.0,bottom,C58,,,C_0402_1005Metric,0.1uF,smt
298.32,-105.52,0.0,bottom,C59,,,C_0402_1005Metric,0.1uF,smt
136.875,-42.1,180.0,bottom,C6,,,C_0402_1005Metric,0.1uF,smt
334.13,-105.54,0.0,bottom,C60,,,C_0402_1005Metric,0.1uF,smt
352.95,-105.51,0.0,bottom,C61,,,C_0402_1005Metric,0.1uF,smt
372.36,-105.53,0.0,bottom,C62,,,C_0402_1005Metric,0.1uF,smt
44.00625,-123.0625,180.0,bottom,C63,,,C_0402_1005Metric,0.1uF,smt
74.9625,-123.0625,180.0,bottom,C64,,,C_0402_1005Metric,0.1uF,smt
94.0125,-123.0625,180.0,bottom,C65,,,C_0402_1005Metric,0.1uF,smt
113.0625,-123.0625,180.0,bottom,C66,,,C_0402_1005Metric,0.1uF,smt
132.1125,-123.0625,180.0,bottom,C67,,,C_0402_1005Metric,0.1uF,smt
151.1625,-123.0625,180.0,bottom,C68,,,C_0402_1005Metric,0.1uF,smt
170.2125,-123.0625,180.0,bottom,C69,,,C_0402_1005Metric,0.1uF,smt
155.925,-42.1,180.0,bottom,C7,,,C_0402_1005Metric,0.1uF,smt
189.2625,-123.0625,180.0,bottom,C70,,,C_0402_1005Metric,0.1uF,smt
208.3125,-123.0625,180.0,bottom,C71,,,C_0402_1005Metric,0.1uF,smt
227.3625,-123.0625,180.0,bottom,C72,,,C_0402_1005Metric,0.1uF,smt
246.4125,-123.0625,180.0,bottom,C73,,,C_0402_1005Metric,0.1uF,smt
282.13125,-123.0625,180.0,bottom,C74,,,C_0402_1005Metric,0.1uF,smt
322.6125,-123.0625,180.0,bottom,C75,,,C_0402_1005Metric,0.1uF,smt
341.6625,-123.0625,180.0,bottom,C76,,,C_0402_1005Metric,0.1uF,smt
360.7125,-123.0625,180.0,bottom,C77,,,C_0402_1005Metric,0.1uF,smt
379.7625,-113.5375,180.0,bottom,C78,,,C_0402_1005Metric,0.1uF,smt
43.23,-143.62,0.0,bottom,C79,,,C_0402_1005Metric,0.1uF,smt
174.975,-42.1,180.0,bottom,C8,,,C_0402_1005Metric,0.1uF,smt
62.33,-143.62,0.0,bottom,C80,,,C_0402_1005Metric,0.1uF,smt
81.11,-143.66,0.0,bottom,C81,,,C_0402_1005Metric,0.1uF,smt
115.58,-150.37,-30.0,bottom,C82,,,C_0402_1005Metric,0.1uF,smt
134.73,-155.12,-30.0,bottom,C83,,,C_0402_1005Metric,0.1uF,smt
162.64,-162.67,0.0,bottom,C84,,,C_0402_1005Metric,0.1uF,smt
187.7,-152.85,-60.0,bottom,C85,,,C_0402_1005Metric,0.1uF,smt
206.68,-147.44,-60.0,bottom,C86,,,C_0402_1005Metric,0.1uF,smt
248.34,-143.63,0.0,bottom,C87,,,C_0402_1005Metric,0.1uF,smt
291.42,-143.67,0.0,bottom,C88,,,C_0402_1005Metric,0.1uF,smt
310.35,-143.61,0.0,bottom,C89,,,C_0402_1005Metric,0.1uF,smt
194.025,-42.1,180.0,bottom,C9,,,C_0402_1005Metric,0.1uF,smt
334.13,-143.62,0.0,bottom,C90,,,C_0402_1005Metric,0.1uF,smt
353.3,-143.6,0.0,bottom,C91,,,C_0402_1005Metric,0.1uF,smt
371.82,-143.62,0.0,bottom,C92,,,C_0402_1005Metric,0.1uF,smt
32.1,-161.1625,180.0,bottom,C93,,,C_0402_1005Metric,0.1uF,smt
51.15,-161.1625,180.0,bottom,C94,,,C_0402_1005Metric,0.1uF,smt
70.2,-161.1625,180.0,bottom,C95,,,C_0402_1005Metric,0.1uF,smt
217.8375,-161.1625,180.0,bottom,C96,,,C_0402_1005Metric,0.1uF,smt
236.8875,-161.1625,180.0,bottom,C97,,,C_0402_1005Metric,0.1uF,smt
255.9375,-161.1625,180.0,bottom,C98,,,C_0402_1005Metric,0.1uF,smt
279.75,-161.1625,180.0,bottom,C99,,,C_0402_1005Metric,0.1uF,smt
38.1,-38.1,0.0,bottom,CH1,,,KS-33_MX-Hotswap-1U,KS33_SW_HS,smt
223.8375,-38.1,0.0,bottom,CH10,,,KS-33_MX-Hotswap-1U,KS33_SW_HS,smt
304.8,-157.1625,0.0,bottom,CH100,,,KS-33_MX-Hotswap-1U,KS33_SW_HS,smt
338.1375,-157.1625,0.0,bottom,CH101,,,KS-33_MX-Hotswap-1U,KS33_SW_HS,smt
366.7125,-157.1625,0.0,bottom,CH102,,,KS-33_MX-Hotswap-1U,KS33_SW_HS,smt
385.7625,-147.6375,0.0,bottom,CH103,,,KS-33_MX-Hotswap-1U,KS33_SW_HS,smt
242.8875,-38.1,0.0,bottom,CH11,,,KS-33_MX-Hotswap-1U,KS33_SW_HS,smt
261.9375,-38.1,0.0,bottom,CH12,,,KS-33_MX-Hotswap-1U,KS33_SW_HS,smt
280.9875,-38.1,0.0,bottom,CH13,,,KS-33_MX-Hotswap-1U,KS33_SW_HS,smt
304.8,-38.1,0.0,bottom,CH14,,,KS-33_MX-Hotswap-1U,KS33_SW_HS,smt
38.1,-61.9125,0.0,bottom,CH15,,,KS-33_MX-Hotswap-1U,KS33_SW_HS,smt
57.15,-61.9125,0.0,bottom,CH16,,,KS-33_MX-Hotswap-1U,KS33_SW_HS,smt
76.2,-61.9125,0.0,bottom,CH17,,,KS-33_MX-Hotswap-1U,KS33_SW_HS,smt
95.25,-61.9125,0.0,bottom,CH18,,,KS-33_MX-Hotswap-1U,KS33_SW_HS,smt
114.3,-61.9125,0.0,bottom,CH19,,,KS-33_MX-Hotswap-1U,KS33_SW_HS,smt
61.9125,-38.1,0.0,bottom,CH2,,,KS-33_MX-Hotswap-1U,KS33_SW_HS,smt
133.35,-61.9125,0.0,bottom,CH20,,,KS-33_MX-Hotswap-1U,KS33_SW_HS,smt
152.4,-61.9125,0.0,bottom,CH21,,,KS-33_MX-Hotswap-1U,KS33_SW_HS,smt
171.45,-61.9125,0.0,bottom,CH22,,,KS-33_MX-Hotswap-1U,KS33_SW_HS,smt
190.5,-61.9125,0.0,bottom,CH23,,,KS-33_MX-Hotswap-1U,KS33_SW_HS,smt
209.55,-61.9125,0.0,bottom,CH24,,,KS-33_MX-Hotswap-1U,KS33_SW_HS,smt
228.6,-61.9125,0.0,bottom,CH25,,,KS-33_MX-Hotswap-1U,KS33_SW_HS,smt
247.65,-61.9125,0.0,bottom,CH26,,,KS-33_MX-Hotswap-1U,KS33_SW_HS,smt
266.7,-61.9125,0.0,bottom,CH27,,,KS-33_MX-Hotswap-1U,KS33_SW_HS,smt
295.275,-61.9125,0.0,bottom,CH28,,,KS-33_MX-Hotswap-1U,KS33_SW_HS,smt
42.8625,-80.9625,0.0,bottom,CH29,,,KS-33_MX-Hotswap-1U,KS33_SW_HS,smt
80.9625,-38.1,0.0,bottom,CH3,,,KS-33_MX-Hotswap-1U,KS33_SW_HS,smt
66.675,-80.9625,0.0,bottom,CH30,,,KS-33_MX-Hotswap-1U,KS33_SW_HS,smt
85.725,-80.9625,0.0,bottom,CH31,,,KS-33_MX-Hotswap-1U,KS33_SW_HS,smt
104.775,-80.9625,0.0,bottom,CH32,,,KS-33_MX-Hotswap-1U,KS33_SW_HS,smt
123.825,-80.9625,0.0,bottom,CH33,,,KS-33_MX-Hotswap-1U,KS33_SW_HS,smt
142.875,-80.9625,0.0,bottom,CH34,,,KS-33_MX-Hotswap-1U,KS33_SW_HS,smt
161.925,-80.9625,0.0,bottom,CH35,,,KS-33_MX-Hotswap-1U,KS33_SW_HS,smt
180.975,-80.9625,0.0,bottom,CH36,,,KS-33_MX-Hotswap-1U,KS33_SW_HS,smt
200.025,-80.9625,0.0,bottom,CH37,,,KS-33_MX-Hotswap-1U,KS33_SW_HS,smt
219.075,-80.9625,0.0,bottom,CH38,,,KS-33_MX-Hotswap-1U,KS33_SW_HS,smt
238.125,-80.9625,0.0,bottom,CH39,,,KS-33_MX-Hotswap-1U,KS33_SW_HS,smt
100.0125,-38.1,0.0,bottom,CH4,,,KS-33_MX-Hotswap-1U,KS33_SW_HS,smt
257.175,-80.9625,0.0,bottom,CH40,,,KS-33_MX-Hotswap-1U,KS33_SW_HS,smt
276.225,-80.9625,0.0,bottom,CH41,,,KS-33_MX-Hotswap-1U,KS33_SW_HS,smt
300.0375,-80.9625,0.0,bottom,CH42,,,KS-33_MX-Hotswap-1U,KS33_SW_HS,smt
328.6125,-80.9625,0.0,bottom,CH43,,,KS-33_MX-Hotswap-1U,KS33_SW_HS,smt
347.6625,-80.9625,0.0,bottom,CH44,,,KS-33_MX-Hotswap-1U,KS33_SW_HS,smt
366.7125,-80.9625,0.0,bottom,CH45,,,KS-33_MX-Hotswap-1U,KS33_SW_HS,smt
385.7625,-80.9625,0.0,bottom,CH46,,,KS-33_MX-Hotswap-1U,KS33_SW_HS,smt
45.24375,-100.0125,0.0,bottom,CH47,,,KS-33_MX-Hotswap-1U,KS33_SW_HS,smt
71.4375,-100.0125,0.0,bottom,CH48,,,KS-33_MX-Hotswap-1U,KS33_SW_HS,smt
90.4875,-100.0125,0.0,bottom,CH49,,,KS-33_MX-Hotswap-1U,KS33_SW_HS,smt
119.0625,-38.1,0.0,bottom,CH5,,,KS-33_MX-Hotswap-1U,KS33_SW_HS,smt
109.5375,-100.0125,0.0,bottom,CH50,,,KS-33_MX-Hotswap-1U,KS33_SW_HS,smt
128.5875,-100.0125,0.0,bottom,CH51,,,KS-33_MX-Hotswap-1U,KS33_SW_HS,smt
147.6375,-100.0125,0.0,bottom,CH52,,,KS-33_MX-Hotswap-1U,KS33_SW_HS,smt
166.6875,-100.0125,0.0,bottom,CH53,,,KS-33_MX-Hotswap-1U,KS33_SW_HS,smt
185.7375,-100.0125,0.0,bottom,CH54,,,KS-33_MX-Hotswap-1U,KS33_SW_HS,smt
204.7875,-100.0125,0.0,bottom,CH55,,,KS-33_MX-Hotswap-1U,KS33_SW_HS,smt
223.8375,-100.0125,0.0,bottom,CH56,,,KS-33_MX-Hotswap-1U,KS33_SW_HS,smt
242.8875,-100.0125,0.0,bottom,CH57,,,KS-33_MX-Hotswap-1U,KS33_SW_HS,smt
261.9375,-100.0125,0.0,bottom,CH58,,,KS-33_MX-Hotswap-1U,KS33_SW_HS,smt
292.89375,-100.0125,0.0,bottom,CH59,,,KS-33_MX-Hotswap-1U,KS33_SW_HS,smt
142.875,-38.1,0.0,bottom,CH6,,,KS-33_MX-Hotswap-1U,KS33_SW_HS,smt
328.6125,-100.0125,0.0,bottom,CH60,,,KS-33_MX-Hotswap-1U,KS33_SW_HS,smt
347.6625,-100.0125,0.0,bottom,CH61,,,KS-33_MX-Hotswap-1U,KS33_SW_HS,smt
366.7125,-100.0125,0.0,bottom,CH62,,,KS-33_MX-Hotswap-1U,KS33_SW_HS,smt
50.00625,-119.0625,0.0,bottom,CH63,,,KS-33_MX-Hotswap-1U,KS33_SW_HS,smt
80.9625,-119.0625,0.0,bottom,CH64,,,KS-33_MX-Hotswap-1U,KS33_SW_HS,smt
100.0125,-119.0625,0.0,bottom,CH65,,,KS-33_MX-Hotswap-1U,KS33_SW_HS,smt
119.0625,-119.0625,0.0,bottom,CH66,,,KS-33_MX-Hotswap-1U,KS33_SW_HS,smt
138.1125,-119.0625,0.0,bottom,CH67,,,KS-33_MX-Hotswap-1U,KS33_SW_HS,smt
157.1625,-119.0625,0.0,bottom,CH68,,,KS-33_MX-Hotswap-1U,KS33_SW_HS,smt
176.2125,-119.0625,0.0,bottom,CH69,,,KS-33_MX-Hotswap-1U,KS33_SW_HS,smt
161.925,-38.1,0.0,bottom,CH7,,,KS-33_MX-Hotswap-1U,KS33_SW_HS,smt
195.2625,-119.0625,0.0,bottom,CH70,,,KS-33_MX-Hotswap-1U,KS33_SW_HS,smt
214.3125,-119.0625,0.0,bottom,CH71,,,KS-33_MX-Hotswap-1U,KS33_SW_HS,smt
233.3625,-119.0625,0.0,bottom,CH72,,,KS-33_MX-Hotswap-1U,KS33_SW_HS,smt
252.4125,-119.0625,0.0,bottom,CH73,,,KS-33_MX-Hotswap-1U,KS33_SW_HS,smt
288.13125,-119.0625,0.0,bottom,CH74,,,KS-33_MX-Hotswap-1U,KS33_SW_HS,smt
328.6125,-119.0625,0.0,bottom,CH75,,,KS-33_MX-Hotswap-1U,KS33_SW_HS,smt
347.6625,-119.0625,0.0,bottom,CH76,,,KS-33_MX-Hotswap-1U,KS33_SW_HS,smt
366.7125,-119.0625,0.0,bottom,CH77,,,KS-33_MX-Hotswap-1U,KS33_SW_HS,smt
385.7625,-109.5375,0.0,bottom,CH78,,,KS-33_MX-Hotswap-1U,KS33_SW_HS,smt
38.1,-138.1125,0.0,bottom,CH79,,,KS-33_MX-Hotswap-1U,KS33_SW_HS,smt
180.975,-38.1,0.0,bottom,CH8,,,KS-33_MX-Hotswap-1U,KS33_SW_HS,smt
57.15,-138.1125,0.0,bottom,CH80,,,KS-33_MX-Hotswap-1U,KS33_SW_HS,smt
76.2,-138.1125,0.0,bottom,CH81,,,KS-33_MX-Hotswap-1U,KS33_SW_HS,smt
113.559954,-142.97231,-30.0,bottom,CH82,,,KS-33_MX-Hotswap-1U,KS33_SW_HS,smt
132.819988,-147.712953,-30.0,bottom,CH83,,,KS-33_MX-Hotswap-1U,KS33_SW_HS,smt
157.1625,-157.1625,0.0,bottom,CH84,,,KS-33_MX-Hotswap-1U,KS33_SW_HS,smt
181.443298,-147.579091,30.0,bottom,CH85,,,KS-33_MX-Hotswap-1U,KS33_SW_HS,smt
200.322332,-142.178537,30.0,bottom,CH86,,,KS-33_MX-Hotswap-1U,KS33_SW_HS,smt
242.8875,-138.1125,0.0,bottom,CH87,,,KS-33_MX-Hotswap-1U,KS33_SW_HS,smt
285.75,-138.1125,0.0,bottom,CH88,,,KS-33_MX-Hotswap-1U,KS33_SW_HS,smt
304.8,-138.1125,0.0,bottom,CH89,,,KS-33_MX-Hotswap-1U,KS33_SW_HS,smt
200.025,-38.1,0.0,bottom,CH9,,,KS-33_MX-Hotswap-1U,KS33_SW_HS,smt
328.6125,-138.1125,0.0,bottom,CH90,,,KS-33_MX-Hotswap-1U,KS33_SW_HS,smt
347.6625,-138.1125,0.0,bottom,CH91,,,KS-33_MX-Hotswap-1U,KS33_SW_HS,smt
366.7125,-138.1125,0.0,bottom,CH92,,,KS-33_MX-Hotswap-1U,KS33_SW_HS,smt
38.1,-157.1625,0.0,bottom,CH93,,,KS-33_MX-Hotswap-1U,KS33_SW_HS,smt
57.15,-157.1625,0.0,bottom,CH94,,,KS-33_MX-Hotswap-1U,KS33_SW_HS,smt
76.2,-157.1625,0.0,bottom,CH95,,,KS-33_MX-Hotswap-1U,KS33_SW_HS,smt
223.8375,-157.1625,0.0,bottom,CH96,,,KS-33_MX-Hotswap-1U,KS33_SW_HS,smt
242.8875,-157.1625,0.0,bottom,CH97,,,KS-33_MX-Hotswap-1U,KS33_SW_HS,smt
261.9375,-157.1625,0.0,bottom,CH98,,,KS-33_MX-Hotswap-1U,KS33_SW_HS,smt
285.75,-157.1625,0.0,bottom,CH99,,,KS-33_MX-Hotswap-1U,KS33_SW_HS,smt
29.1,-31.1,-90.0,bottom,D1,,,D_SOD-123,D,smt
214.8375,-31.1,-90.0,bottom,D10,,,D_SOD-123,D,smt
252.9375,-150.1625,-90.0,bottom,D100,,,D_SOD-123,D,smt
276.75,-150.1625,-90.0,bottom,D101,,,D_SOD-123,D,smt
295.8,-150.1625,-90.0,bottom,D102,,,D_SOD-123,D,smt
329.1375,-150.1625,-90.0,bottom,D103,,,D_SOD-123,D,smt
357.7125,-150.1625,-90.0,bottom,D104,,,D_SOD-123,D,smt
376.7625,-140.6375,-90.0,bottom,D105,,,D_SOD-123,D,smt
233.8875,-31.1,-90.0,bottom,D11,,,D_SOD-123,D,smt
252.9375,-31.1,-90.0,bottom,D12,,,D_SOD-123,D,smt
271.9875,-31.1,-90.0,bottom,D13,,,D_SOD-123,D,smt
295.8,-31.1,-90.0,bottom,D14,,,D_SOD-123,D,smt
29.1,-54.9125,-90.0,bottom,D15,,,D_SOD-123,D,smt
48.15,-54.9125,-90.0,bottom,D16,,,D_SOD-123,D,smt
67.2,-54.9125,-90.0,bottom,D17,,,D_SOD-123,D,smt
86.25,-54.9125,-90.0,bottom,D18,,,D_SOD-123,D,smt
105.3,-54.9125,-90.0,bottom,D19,,,D_SOD-123,D,smt
52.9125,-31.1,-90.0,bottom,D2,,,D_SOD-123,D,smt
124.35,-54.9125,-90.0,bottom,D20,,,D_SOD-123,D,smt
143.4,-54.9125,-90.0,bottom,D21,,,D_SOD-123,D,smt
162.45,-54.9125,-90.0,bottom,D22,,,D_SOD-123,D,smt
181.5,-54.9125,-90.0,bottom,D23,,,D_SOD-123,D,smt
200.55,-54.9125,-90.0,bottom,D24,,,D_SOD-123,D,smt
219.6,-54.9125,-90.0,bottom,D25,,,D_SOD-123,D,smt
238.65,-54.9125,-90.0,bottom,D26,,,D_SOD-123,D,smt
257.7,-54.9125,-90.0,bottom,D27,,,D_SOD-123,D,smt
286.275,-54.9125,-90.0,bottom,D28,,,D_SOD-123,D,smt
33.8625,-73.9625,-90.0,bottom,D29,,,D_SOD-123,D,smt
71.9625,-31.1,-90.0,bottom,D3,,,D_SOD-123,D,smt
57.675,-73.9625,-90.0,bottom,D30,,,D_SOD-123,D,smt
76.725,-73.9625,-90.0,bottom,D31,,,D_SOD-123,D,smt
95.775,-73.9625,-90.0,bottom,D32,,,D_SOD-123,D,smt
114.825,-73.9625,-90.0,bottom,D33,,,D_SOD-123,D,smt
133.875,-73.9625,-90.0,bottom,D34,,,D_SOD-123,D,smt
152.925,-73.9625,-90.0,bottom,D35,,,D_SOD-123,D,smt
171.975,-73.9625,-90.0,bottom,D36,,,D_SOD-123,D,smt
191.025,-73.9625,-90.0,bottom,D37,,,D_SOD-123,D,smt
210.075,-73.9625,-90.0,bottom,D38,,,D_SOD-123,D,smt
229.125,-73.9625,-90.0,bottom,D39,,,D_SOD-123,D,smt
91.0125,-31.1,-90.0,bottom,D4,,,D_SOD-123,D,smt
372.66,-44.18,-90.0,bottom,D40,,,D_SOD-123,1N4148,smt
361.5175,-39.78,180.0,bottom,D41,,,D_SOD-123,1N4148,smt
248.175,-73.9625,-90.0,bottom,D42,,,D_SOD-123,D,smt
267.225,-73.9625,-90.0,bottom,D43,,,D_SOD-123,D,smt
291.0375,-73.9625,-90.0,bottom,D44,,,D_SOD-123,D,smt
319.6125,-73.9625,-90.0,bottom,D45,,,D_SOD-123,D,smt
338.6625,-73.9625,-90.0,bottom,D46,,,D_SOD-123,D,smt
357.7125,-73.9625,-90.0,bottom,D47,,,D_SOD-123,D,smt
376.7625,-73.9625,-90.0,bottom,D48,,,D_SOD-123,D,smt
36.24375,-93.0125,-90.0,bottom,D49,,,D_SOD-123,D,smt
110.0625,-31.1,-90.0,bottom,D5,,,D_SOD-123,D,smt
62.4375,-93.0125,-90.0,bottom,D50,,,D_SOD-123,D,smt
81.4875,-93.0125,-90.0,bottom,D51,,,D_SOD-123,D,smt
100.5375,-93.0125,-90.0,bottom,D52,,,D_SOD-123,D,smt
119.5875,-93.0125,-90.0,bottom,D53,,,D_SOD-123,D,smt
138.6375,-93.0125,-90.0,bottom,D54,,,D_SOD-123,D,smt
157.6875,-93.0125,-90.0,bottom,D55,,,D_SOD-123,D,smt
176.7375,-93.0125,-90.0,bottom,D56,,,D_SOD-123,D,smt
195.7875,-93.0125,-90.0,bottom,D57,,,D_SOD-123,D,smt
214.8375,-93.0125,-90.0,bottom,D58,,,D_SOD-123,D,smt
233.8875,-93.0125,-90.0,bottom,D59,,,D_SOD-123,D,smt
133.875,-31.1,-90.0,bottom,D6,,,D_SOD-123,D,smt
252.9375,-93.0125,-90.0,bottom,D60,,,D_SOD-123,D,smt
283.89375,-93.0125,-90.0,bottom,D61,,,D_SOD-123,D,smt
319.6125,-93.0125,-90.0,bottom,D62,,,D_SOD-123,D,smt
338.6625,-93.0125,-90.0,bottom,D63,,,D_SOD-123,D,smt
357.7125,-93.0125,-90.0,bottom,D64,,,D_SOD-123,D,smt
41.00625,-112.0625,-90.0,bottom,D65,,,D_SOD-123,D,smt
71.9625,-112.0625,-90.0,bottom,D66,,,D_SOD-123,D,smt
91.0125,-112.0625,-90.0,bottom,D67,,,D_SOD-123,D,smt
110.0625,-112.0625,-90.0,bottom,D68,,,D_SOD-123,D,smt
129.1125,-112.0625,-90.0,bottom,D69,,,D_SOD-123,D,smt
152.925,-31.1,-90.0,bottom,D7,,,D_SOD-123,D,smt
148.1625,-112.0625,-90.0,bottom,D70,,,D_SOD-123,D,smt
167.2125,-112.0625,-90.0,bottom,D71,,,D_SOD-123,D,smt
186.2625,-112.0625,-90.0,bottom,D72,,,D_SOD-123,D,smt
205.3125,-112.0625,-90.0,bottom,D73,,,D_SOD-123,D,smt
224.3625,-112.0625,-90.0,bottom,D74,,,D_SOD-123,D,smt
243.4125,-112.0625,-90.0,bottom,D75,,,D_SOD-123,D,smt
279.13125,-112.0625,-90.0,bottom,D76,,,D_SOD-123,D,smt
319.6125,-112.0625,-90.0,bottom,D77,,,D_SOD-123,D,smt
338.6625,-112.0625,-90.0,bottom,D78,,,D_SOD-123,D,smt
357.7125,-112.0625,-90.0,bottom,D79,,,D_SOD-123,D,smt
171.975,-31.1,-90.0,bottom,D8,,,D_SOD-123,D,smt
376.7625,-102.5375,-90.0,bottom,D80,,,D_SOD-123,D,smt
29.1,-131.1125,-90.0,bottom,D81,,,D_SOD-123,D,smt
48.15,-131.1125,-90.0,bottom,D82,,,D_SOD-123,D,smt
67.2,-131.1125,-90.0,bottom,D83,,,D_SOD-123,D,smt
109.265726,-132.410133,-120.0,bottom,D84,,,D_SOD-123,D,smt
128.52576,-137.150776,-120.0,bottom,D85,,,D_SOD-123,D,smt
148.1625,-150.1625,-90.0,bottom,D86,,,D_SOD-123,D,smt
170.14907,-146.016914,-60.0,bottom,D87,,,D_SOD-123,D,smt
189.028104,-140.61636,-60.0,bottom,D88,,,D_SOD-123,D,smt
233.8875,-131.1125,-90.0,bottom,D89,,,D_SOD-123,D,smt
191.025,-31.1,-90.0,bottom,D9,,,D_SOD-123,D,smt
276.75,-131.1125,-90.0,bottom,D90,,,D_SOD-123,D,smt
295.8,-131.1125,-90.0,bottom,D91,,,D_SOD-123,D,smt
319.6125,-131.1125,-90.0,bottom,D92,,,D_SOD-123,D,smt
338.6625,-131.1125,-90.0,bottom,D93,,,D_SOD-123,D,smt
357.7125,-131.1125,-90.0,bottom,D94,,,D_SOD-123,D,smt
29.1,-150.1625,-90.0,bottom,D95,,,D_SOD-123,D,smt
48.15,-150.1625,-90.0,bottom,D96,,,D_SOD-123,D,smt
67.2,-150.1625,-90.0,bottom,D97,,,D_SOD-123,D,smt
214.8375,-150.1625,-90.0,bottom,D98,,,D_SOD-123,D,smt
233.8875,-150.1625,-90.0,bottom,D99,,,D_SOD-123,D,smt
343.769034,-41.209035,-90.0,bottom,F1,,,Fuse_1206_3216Metric,500mA,smt
347.259035,-25.58,0.0,bottom,J1,,,USB_C_Receptacle_HRO_TYPE-C-31-M-12,USB_C_Receptacle_USB2.0,smt
359.72,-29.58,90.0,top,J2,,,PinHeader_1x05_P2.54mm_Vertical,Conn_01x05,tht
38.1,-42.85,0.0,bottom,LED1,,,LED_choc_6028R,choc_SK6812MINI-E,smt
223.8375,-42.85,0.0,bottom,LED10,,,LED_choc_6028R,choc_SK6812MINI-E,smt
304.8,-161.9125,0.0,bottom,LED100,,,LED_choc_6028R,choc_SK6812MINI-E,smt
338.1375,-161.9125,0.0,bottom,LED101,,,LED_choc_6028R,choc_SK6812MINI-E,smt
366.7125,-161.9125,0.0,bottom,LED102,,,LED_choc_6028R,choc_SK6812MINI-E,smt
385.7625,-152.3875,0.0,bottom,LED103,,,LED_choc_6028R,choc_SK6812MINI-E,smt
242.8875,-42.85,0.0,bottom,LED11,,,LED_choc_6028R,choc_SK6812MINI-E,smt
261.9375,-42.85,0.0,bottom,LED12,,,LED_choc_6028R,choc_SK6812MINI-E,smt
280.9875,-42.85,0.0,bottom,LED13,,,LED_choc_6028R,choc_SK6812MINI-E,smt
304.8,-42.85,0.0,bottom,LED14,,,LED_choc_6028R,choc_SK6812MINI-E,smt
38.1,-66.6625,180.0,bottom,LED15,,,LED_choc_6028R,choc_SK6812MINI-E,smt
57.15,-66.6625,180.0,bottom,LED16,,,LED_choc_6028R,choc_SK6812MINI-E,smt
76.2,-66.6625,180.0,bottom,LED17,,,LED_choc_6028R,choc_SK6812MINI-E,smt
95.25,-66.6625,180.0,bottom,LED18,,,LED_choc_6028R,choc_SK6812MINI-E,smt
114.3,-66.6625,180.0,bottom,LED19,,,LED_choc_6028R,choc_SK6812MINI-E,smt
61.9125,-42.85,0.0,bottom,LED2,,,LED_choc_6028R,choc_SK6812MINI-E,smt
133.35,-66.6625,180.0,bottom,LED20,,,LED_choc_6028R,choc_SK6812MINI-E,smt
152.4,-66.6625,180.0,bottom,LED21,,,LED_choc_6028R,choc_SK6812MINI-E,smt
171.45,-66.6625,180.0,bottom,LED22,,,LED_choc_6028R,choc_SK6812MINI-E,smt
190.5,-66.6625,180.0,bottom,LED23,,,LED_choc_6028R,choc_SK6812MINI-E,smt
209.55,-66.6625,180.0,bottom,LED24,,,LED_choc_6028R,choc_SK6812MINI-E,smt
228.6,-66.6625,180.0,bottom,LED25,,,LED_choc_6028R,choc_SK6812MINI-E,smt
247.65,-66.6625,180.0,bottom,LED26,,,LED_choc_6028R,choc_SK6812MINI-E,smt
266.7,-66.6625,180.0,bottom,LED27,,,LED_choc_6028R,choc_SK6812MINI-E,smt
295.275,-66.6625,180.0,bottom,LED28,,,LED_choc_6028R,choc_SK6812MINI-E,smt
42.8625,-85.7125,0.0,bottom,LED29,,,LED_choc_6028R,choc_SK6812MINI-E,smt
80.9625,-42.85,0.0,bottom,LED3,,,LED_choc_6028R,choc_SK6812MINI-E,smt
66.675,-85.7125,0.0,bottom,LED30,,,LED_choc_6028R,choc_SK6812MINI-E,smt
85.725,-85.7125,0.0,bottom,LED31,,,LED_choc_6028R,choc_SK6812MINI-E,smt
104.775,-85.7125,0.0,bottom,LED32,,,LED_choc_6028R,choc_SK6812MINI-E,smt
123.825,-85.7125,0.0,bottom,LED33,,,LED_choc_6028R,choc_SK6812MINI-E,smt
142.875,-85.7125,0.0,bottom,LED34,,,LED_choc_6028R,choc_SK6812MINI-E,smt
161.925,-85.7125,0.0,bottom,LED35,,,LED_choc_6028R,choc_SK6812MINI-E,smt
180.975,-85.7125,0.0,bottom,LED36,,,LED_choc_6028R,choc_SK6812MINI-E,smt
200.025,-85.7125,0.0,bottom,LED37,,,LED_choc_6028R,choc_SK6812MINI-E,smt
219.075,-85.7125,0.0,bottom,LED38,,,LED_choc_6028R,choc_SK6812MINI-E,smt
238.125,-85.7125,0.0,bottom,LED39,,,LED_choc_6028R,choc_SK6812MINI-E,smt
100.0125,-42.85,0.0,bottom,LED4,,,LED_choc_6028R,choc_SK6812MINI-E,smt
257.175,-85.7125,0.0,bottom,LED40,,,LED_choc_6028R,choc_SK6812MINI-E,smt
276.225,-85.7125,0.0,bottom,LED41,,,LED_choc_6028R,choc_SK6812MINI-E,smt
300.0375,-85.7125,0.0,bottom,LED42,,,LED_choc_6028R,choc_SK6812MINI-E,smt
328.6125,-85.7125,0.0,bottom,LED43,,,LED_choc_6028R,choc_SK6812MINI-E,smt
347.6625,-85.7125,0.0,bottom,LED44,,,LED_choc_6028R,choc_SK6812MINI-E,smt
366.7125,-85.7125,0.0,bottom,LED45,,,LED_choc_6028R,choc_SK6812MINI-E,smt
385.7625,-85.7125,0.0,bottom,LED46,,,LED_choc_6028R,choc_SK6812MINI-E,smt
45.24375,-104.7625,180.0,bottom,LED47,,,LED_choc_6028R,choc_SK6812MINI-E,smt
71.4375,-104.7625,180.0,bottom,LED48,,,LED_choc_6028R,choc_SK6812MINI-E,smt
90.4875,-104.7625,180.0,bottom,LED49,,,LED_choc_6028R,choc_SK6812MINI-E,smt
119.0625,-42.85,0.0,bottom,LED5,,,LED_choc_6028R,choc_SK6812MINI-E,smt
109.5375,-104.7625,180.0,bottom,LED50,,,LED_choc_6028R,choc_SK6812MINI-E,smt
128.5875,-104.7625,180.0,bottom,LED51,,,LED_choc_6028R,choc_SK6812MINI-E,smt
147.6375,-104.7625,180.0,bottom,LED52,,,LED_choc_6028R,choc_SK6812MINI-E,smt
166.6875,-104.7625,180.0,bottom,LED53,,,LED_choc_6028R,choc_SK6812MINI-E,smt
185.7375,-104.7625,180.0,bottom,LED54,,,LED_choc_6028R,choc_SK6812MINI-E,smt
204.7875,-104.7625,180.0,bottom,LED55,,,LED_choc_6028R,choc_SK6812MINI-E,smt
223.8375,-104.7625,180.0,bottom,LED56,,,LED_choc_6028R,choc_SK6812MINI-E,smt
242.8875,-104.7625,180.0,bottom,LED57,,,LED_choc_6028R,choc_SK6812MINI-E,smt
261.9375,-104.7625,180.0,bottom,LED58,,,LED_choc_6028R,choc_SK6812MINI-E,smt
292.89375,-104.7625,180.0,bottom,LED59,,,LED_choc_6028R,choc_SK6812MINI-E,smt
142.875,-42.85,0.0,bottom,LED6,,,LED_choc_6028R,choc_SK6812MINI-E,smt
328.6125,-104.7625,180.0,bottom,LED60,,,LED_choc_6028R,choc_SK6812MINI-E,smt
347.6625,-104.7625,180.0,bottom,LED61,,,LED_choc_6028R,choc_SK6812MINI-E,smt
366.7125,-104.7625,180.0,bottom,LED62,,,LED_choc_6028R,choc_SK6812MINI-E,smt
50.00625,-123.8125,0.0,bottom,LED63,,,LED_choc_6028R,choc_SK6812MINI-E,smt
80.9625,-123.8125,0.0,bottom,LED64,,,LED_choc_6028R,choc_SK6812MINI-E,smt
100.0125,-123.8125,0.0,bottom,LED65,,,LED_choc_6028R,choc_SK6812MINI-E,smt
119.0625,-123.8125,0.0,bottom,LED66,,,LED_choc_6028R,choc_SK6812MINI-E,smt
138.1125,-123.8125,0.0,bottom,LED67,,,LED_choc_6028R,choc_SK6812MINI-E,smt
157.1625,-123.8125,0.0,bottom,LED68,,,LED_choc_6028R,choc_SK6812MINI-E,smt
176.2125,-123.8125,0.0,bottom,LED69,,,LED_choc_6028R,choc_SK6812MINI-E,smt
161.925,-42.85,0.0,bottom,LED7,,,LED_choc_6028R,choc_SK6812MINI-E,smt
195.2625,-123.8125,0.0,bottom,LED70,,,LED_choc_6028R,choc_SK6812MINI-E,smt
214.3125,-123.8125,0.0,bottom,LED71,,,LED_choc_6028R,choc_SK6812MINI-E,smt
233.3625,-123.8125,0.0,bottom,LED72,,,LED_choc_6028R,choc_SK6812MINI-E,smt
252.4125,-123.8125,0.0,bottom,LED73,,,LED_choc_6028R,choc_SK6812MINI-E,smt
288.13125,-123.8125,0.0,bottom,LED74,,,LED_choc_6028R,choc_SK6812MINI-E,smt
328.6125,-123.8125,0.0,bottom,LED75,,,LED_choc_6028R,choc_SK6812MINI-E,smt
347.6625,-123.8125,0.0,bottom,LED76,,,LED_choc_6028R,choc_SK6812MINI-E,smt
366.7125,-123.8125,0.0,bottom,LED77,,,LED_choc_6028R,choc_SK6812MINI-E,smt
385.7625,-114.2875,0.0,bottom,LED78,,,LED_choc_6028R,choc_SK6812MINI-E,smt
38.1,-142.8625,180.0,bottom,LED79,,,LED_choc_6028R,choc_SK6812MINI-E,smt
180.975,-42.85,0.0,bottom,LED8,,,LED_choc_6028R,choc_SK6812MINI-E,smt
57.15,-142.8625,180.0,bottom,LED80,,,LED_choc_6028R,choc_SK6812MINI-E,smt
76.2,-142.8625,180.0,bottom,LED81,,,LED_choc_6028R,choc_SK6812MINI-E,smt
111.184955,-147.08593,150.0,bottom,LED82,,,LED_choc_6028R,choc_SK6812MINI-E,smt
130.444989,-151.826573,150.0,bottom,LED83,,,LED_choc_6028R,choc_SK6812MINI-E,smt
157.1625,-161.9125,180.0,bottom,LED84,,,LED_choc_6028R,choc_SK6812MINI-E,smt
183.818297,-151.692711,-150.0,bottom,LED85,,,LED_choc_6028R,choc_SK6812MINI-E,smt
202.697331,-146.292157,-150.0,bottom,LED86,,,LED_choc_6028R,choc_SK6812MINI-E,smt
242.8875,-142.8625,180.0,bottom,LED87,,,LED_choc_6028R,choc_SK6812MINI-E,smt
285.75,-142.8625,180.0,bottom,LED88,,,LED_choc_6028R,choc_SK6812MINI-E,smt
304.8,-142.8625,180.0,bottom,LED89,,,LED_choc_6028R,choc_SK6812MINI-E,smt
200.025,-42.85,0.0,bottom,LED9,,,LED_choc_6028R,choc_SK6812MINI-E,smt
328.6125,-142.8625,180.0,bottom,LED90,,,LED_choc_6028R,choc_SK6812MINI-E,smt
347.6625,-142.8625,180.0,bottom,LED91,,,LED_choc_6028R,choc_SK6812MINI-E,smt
366.7125,-142.8625,180.0,bottom,LED92,,,LED_choc_6028R,choc_SK6812MINI-E,smt
38.1,-161.9125,0.0,bottom,LED93,,,LED_choc_6028R,choc_SK6812MINI-E,smt
57.15,-161.9125,0.0,bottom,LED94,,,LED_choc_6028R,choc_SK6812MINI-E,smt
76.2,-161.9125,0.0,bottom,LED95,,,LED_choc_6028R,choc_SK6812MINI-E,smt
223.8375,-161.9125,0.0,bottom,LED96,,,LED_choc_6028R,choc_SK6812MINI-E,smt
242.8875,-161.9125,0.0,bottom,LED97,,,LED_choc_6028R,choc_SK6812MINI-E,smt
261.9375,-161.9125,0.0,bottom,LED98,,,LED_choc_6028R,choc_SK6812MINI-E,smt
285.75,-161.9125,0.0,bottom,LED99,,,LED_choc_6028R,choc_SK6812MINI-E,smt
362.92,-43.111054,90.0,bottom,Q3,,,SOT-23-3,MMUN2133LT1G,smt
351.529034,-42.549035,180.0,bottom,R1,,,R_0402_1005Metric,5.1k,smt
350.569034,-41.319035,0.0,bottom,R2,,,R_0402_1005Metric,5.1k,smt
366.99,-41.973554,0.0,bottom,R7,,,R_0805_2012Metric,120,smt
370.19,-45.813554,90.0,bottom,R8,,,R_0805_2012Metric,68k,smt
370.19,-49.333554,-90.0,bottom,R9,,,R_0805_2012Metric,68k,smt
378.6,-30.91,180.0,bottom,RESET1,,,SW_SPST_TL3342,DFU,smt
347.569034,-42.569035,0.0,bottom,U2,,,SOT-143,PRTR5V0U2X,smt
340.059999,-40.6275,180.0,bottom,U3,,,SOT-23,XC6206PxxxMR-Regulator_Linear,smt
388.4975,-60.09,180.0,top,U4,,,CR2013-MI2120,CR2013-MI2120,tht
341.508819,-54.874481,45.0,bottom,U5,,,LQFP-64_10x10mm_P0.5mm,STM32G474RETx,smt
333.46,-34.1,180.0,bottom,U6,,SOT-23-5 Texas Instruments,SOT95P280X145-5N,SN74AHCT1G125DBVR,smt
