﻿Designator,Quantity,Value,Footprint,Package,MPN,DNP,Mount_Type,LCSC,Description,Sim.Device,Sim.Pins,JlcRotOffset,JlcPosOffset
"BOOT1, RST1",2,SW_SPST,SW_SPST_TL3342,,,,smt,,,,,,
"C1, C3, C4, C5, C6, C7, C8",7,100nF,C_0402_1005Metric,,,,smt,C307331,,,,,
"C10, C9",2,1uF,C_0402_1005Metric,,,,smt,C307331,,,,,
"C11, C12, C13, C14, C15, C16, C17, C18, C19, C20, C21, C22, C23, C24, C25, C26, C27, C28, C29",19,0.1uF,C_0402_1005Metric,,,,smt,C307331,Unpolarized capacitor,,,,
C2,1,10uF,C_0603_1608Metric,,,,smt,C307331,,,,,
"D1, D10, D100, D101, D102, D103, D104, D105, D106, D107, D108, D109, D11, D110, D111, D112, D113, D114, D115, D116, D117, D118, D119, D12, D13, D137, D138, D139, D14, D140, D141, D15, D16, D17, D18, D19, D2, D20, D21, D22, D23, D24, D25, D26, D27, D28, D29, D3, D30, D31, D32, D33, D34, D35, D36, D37, D38, D39, D4, D40, D41, D42, D43, D44, D45, D46, D47, D48, D49, D5, D50, D51, D52, D53, D54, D55, D56, D57, D58, D59, D6, D60, D61, D62, D63, D64, D65, D66, D67, D68, D69, D7, D70, D71, D72, D73, D74, D75, D76, D77, D78, D79, D8, D80, D81, D82, D83, D84, D85, D86, D87, D88, D89, D9, D90, D91, D92, D93, D94, D95, D96, D97, D98, D99",124,D,D_SOD-123,,,,smt,,Diode,D,1=K 2=A,,
"D120, D121, D122, D123, D124, D125, D126, D127, D128, D129, D130, D131, D132, D133, D134, D135, D136",17,WS2812B,LED_WS2812B_PLCC4_5.0x5.0mm_P3.2mm,,,,smt,,RGB LED with integrated controller,,,,
F1,1,500mA,Fuse_1206_3216Metric,,,,smt,C135341,,,,,
J1,1,Conn_01x04,SSD1306-0.91-OLED-4pin-128x32,,,,tht,,"Generic connector, single row, 01x04, script generated (kicad-library-utils/schlib/autogen/connector/)",,,,
J2,1,USB_C_Receptacle_USB2.0,USB_C_Receptacle_HRO_TYPE-C-31-M-12,,,,smt,,,,,180,"0,1.5"
J3,1,Conn_01x05,PinHeader_1x05_P2.54mm_Vertical,,,,tht,,"Generic connector, single row, 01x05, script generated (kicad-library-utils/schlib/autogen/connector/)",,,,
"MX1, MX10, MX100, MX101, MX102, MX103, MX104, MX105, MX106, MX107, MX108, MX109, MX11, MX110, MX111, MX112, MX113, MX114, MX115, MX116, MX117, MX118, MX119, MX12, MX120, MX121, MX122, MX123, MX124, MX13, MX14, MX15, MX16, MX17, MX18, MX19, MX2, MX20, MX21, MX22, MX23, MX24, MX25, MX26, MX27, MX28, MX29, MX3, MX30, MX31, MX32, MX33, MX34, MX35, MX36, MX37, MX38, MX39, MX4, MX40, MX41, MX42, MX43, MX44, MX45, MX46, MX47, MX48, MX49, MX5, MX50, MX51, MX52, MX53, MX54, MX55, MX56, MX57, MX58, MX59, MX6, MX60, MX61, MX62, MX63, MX64, MX65, MX66, MX67, MX68, MX69, MX7, MX70, MX71, MX72, MX73, MX74, MX75, MX76, MX77, MX78, MX79, MX8, MX80, MX81, MX82, MX83, MX84, MX85, MX86, MX87, MX88, MX89, MX9, MX90, MX91, MX92, MX93, MX94, MX95, MX96, MX97, MX98, MX99",124,MX_SW_solder,SW_MX_1u,,,,tht,,"Push button switch, normally open, two pins, 45° tilted",,,,
"R1, R2, R3, R4",4,5.1k,R_0402_1005Metric,,,,smt,,,,,,
"S1, S6, S7, S8",4,MX_stab,STAB_MX_2u,,,,tht,,Cherry MX-style stabilizer,,,,
"S2, S4",2,MX_stab,STAB_MX_P_2.25u,,,,tht,,Cherry MX-style stabilizer,,,,
S3,1,MX_stab,STAB_MX_P_2.75u,,,,tht,,Cherry MX-style stabilizer,,,,
S5,1,MX_stab,STAB_MX_P_6.25u,,,,tht,,Cherry MX-style stabilizer,,,,
U1,1,STM32F072CBT6,LQFP-48_7x7mm_P0.5mm,,,,smt,,,,,90,
U2,1,PRTR5V0U2X,SOT-143,,,,smt,C2827688,,,,90,
U3,1,XC6206PxxxMR-Regulator_Linear,SOT-23,,,,smt,C5446,,,,,
U4,1,TXB0101,SOT-363_SC-70-6_Handsoldering,,,,smt,C324081,1-Bit Bidirectional Voltage-Level Translator,,,,
