﻿pos_x,pos_y,rotation,side,designator,mpn,pack,footprint,value,mount_type,place
166.03,-84.64,0.0,bottom,BOOT1,,,SW_SPST_TL3342,SW_SPST,smt,True
158.786577,-75.816577,180.0,bottom,C1,,,C_0402_1005Metric,100nF,smt,True
156.285,-59.24,180.0,bottom,C10,,,C_0402_1005Metric,1uF,smt,True
130.36,-47.73,-90.0,bottom,C11,,,C_0402_1005Metric,0.1uF,smt,True
112.35,-45.65,-90.0,bottom,C12,,,C_0402_1005Metric,0.1uF,smt,True
94.32,-43.48,-90.0,bottom,C13,,,C_0402_1005Metric,0.1uF,smt,True
76.38,-45.71,-90.0,bottom,C14,,,C_0402_1005Metric,0.1uF,smt,True
58.39,-49.94,-90.0,bottom,C15,,,C_0402_1005Metric,0.1uF,smt,True
40.34,-49.89,-90.0,bottom,C16,,,C_0402_1005Metric,0.1uF,smt,True
52.23,-68.31,90.0,bottom,C17,,,C_0402_1005Metric,0.1uF,smt,True
70.18,-68.32,90.0,bottom,C18,,,C_0402_1005Metric,0.1uF,smt,True
88.16,-64.01,90.0,bottom,C19,,,C_0402_1005Metric,0.1uF,smt,True
156.015,-60.54,180.0,bottom,C2,,,C_0603_1608Metric,10uF,smt,True
106.15,-61.84,90.0,bottom,C20,,,C_0402_1005Metric,0.1uF,smt,True
124.14,-64.08,90.0,bottom,C21,,,C_0402_1005Metric,0.1uF,smt,True
142.78,-66.09,90.0,bottom,C22,,,C_0402_1005Metric,0.1uF,smt,True
130.25,-81.73,-90.0,bottom,C23,,,C_0402_1005Metric,0.1uF,smt,True
112.36,-79.65,-90.0,bottom,C24,,,C_0402_1005Metric,0.1uF,smt,True
94.28,-77.49,-90.0,bottom,C25,,,C_0402_1005Metric,0.1uF,smt,True
76.3,-79.73,-90.0,bottom,C26,,,C_0402_1005Metric,0.1uF,smt,True
58.28,-83.94,-90.0,bottom,C27,,,C_0402_1005Metric,0.1uF,smt,True
40.37,-83.92,-90.0,bottom,C28,,,C_0402_1005Metric,0.1uF,smt,True
52.08,-102.27,90.0,bottom,C29,,,C_0402_1005Metric,0.1uF,smt,True
164.55,-63.58,0.0,bottom,C3,,,C_0402_1005Metric,100nF,smt,True
70.1475,-102.330001,90.0,bottom,C30,,,C_0402_1005Metric,0.1uF,smt,True
88.11,-98.05,90.0,bottom,C31,,,C_0402_1005Metric,0.1uF,smt,True
106.04,-95.86,90.0,bottom,C32,,,C_0402_1005Metric,0.1uF,smt,True
124.1,-98.08,90.0,bottom,C33,,,C_0402_1005Metric,0.1uF,smt,True
142.09,-100.12,90.0,bottom,C34,,,C_0402_1005Metric,0.1uF,smt,True
130.28,-114.77,90.0,bottom,C35,,,C_0402_1005Metric,0.1uF,smt,True
112.36,-113.63,-90.0,bottom,C36,,,C_0402_1005Metric,0.1uF,smt,True
94.34,-111.48,-90.0,bottom,C37,,,C_0402_1005Metric,0.1uF,smt,True
76.31,-113.68,-90.0,bottom,C38,,,C_0402_1005Metric,0.1uF,smt,True
58.33,-117.93,-90.0,bottom,C39,,,C_0402_1005Metric,0.1uF,smt,True
155.8,-63.83,90.0,bottom,C4,,,C_0402_1005Metric,100nF,smt,True
40.32,-117.9,-90.0,bottom,C40,,,C_0402_1005Metric,0.1uF,smt,True
145.0,-144.37,-30.0,bottom,C41,,,C_0402_1005Metric,0.1uF,smt,True
158.420244,-156.468949,60.0,bottom,C42,,,C_0402_1005Metric,0.1uF,smt,True
152.37,-46.18,0.0,bottom,C43,,,C_0402_1005Metric,0.1uF,smt,True
149.39,-46.28,0.0,bottom,C44,,,C_0402_1005Metric,0.1uF,smt,True
164.8,-72.33,-90.0,bottom,C5,,,C_0402_1005Metric,100nF,smt,True
164.3,-73.83,0.0,bottom,C6,,,C_0402_1005Metric,100nF,smt,True
158.786577,-74.566577,0.0,bottom,C7,,,C_0402_1005Metric,100nF,smt,True
162.81,-51.7725,-90.0,bottom,C8,,,C_0402_1005Metric,100nF,smt,True
153.27,-56.52,90.0,bottom,C9,,,C_0402_1005Metric,1uF,smt,True
100.26,-39.44663,0.0,bottom,CH1,,,SW_choc_v1_HS_CPG135001S30_1u,choc_v1_SW_HS,smt,True
136.26,-60.69663,0.0,bottom,CH10,,,SW_choc_v1_HS_CPG135001S30_1u,choc_v1_SW_HS,smt,True
46.26,-62.90663,0.0,bottom,CH11,,,SW_choc_v1_HS_CPG135001S30_1u,choc_v1_SW_HS,smt,True
64.26,-62.90663,0.0,bottom,CH12,,,SW_choc_v1_HS_CPG135001S30_1u,choc_v1_SW_HS,smt,True
100.26,-73.44663,0.0,bottom,CH13,,,SW_choc_v1_HS_CPG135001S30_1u,choc_v1_SW_HS,smt,True
82.26,-75.65663,0.0,bottom,CH14,,,SW_choc_v1_HS_CPG135001S30_1u,choc_v1_SW_HS,smt,True
118.26,-75.65663,0.0,bottom,CH15,,,SW_choc_v1_HS_CPG135001S30_1u,choc_v1_SW_HS,smt,True
136.26,-77.69663,0.0,bottom,CH16,,,SW_choc_v1_HS_CPG135001S30_1u,choc_v1_SW_HS,smt,True
46.26,-79.90663,0.0,bottom,CH17,,,SW_choc_v1_HS_CPG135001S30_1u,choc_v1_SW_HS,smt,True
64.26,-79.90663,0.0,bottom,CH18,,,SW_choc_v1_HS_CPG135001S30_1u,choc_v1_SW_HS,smt,True
100.26,-90.44663,0.0,bottom,CH19,,,SW_choc_v1_HS_CPG135001S30_1u,choc_v1_SW_HS,smt,True
82.26,-41.65663,0.0,bottom,CH2,,,SW_choc_v1_HS_CPG135001S30_1u,choc_v1_SW_HS,smt,True
82.26,-92.65663,0.0,bottom,CH20,,,SW_choc_v1_HS_CPG135001S30_1u,choc_v1_SW_HS,smt,True
118.26,-92.65663,0.0,bottom,CH21,,,SW_choc_v1_HS_CPG135001S30_1u,choc_v1_SW_HS,smt,True
136.26,-94.69663,0.0,bottom,CH22,,,SW_choc_v1_HS_CPG135001S30_1u,choc_v1_SW_HS,smt,True
46.26,-96.90663,0.0,bottom,CH23,,,SW_choc_v1_HS_CPG135001S30_1u,choc_v1_SW_HS,smt,True
64.26,-96.90663,0.0,bottom,CH24,,,SW_choc_v1_HS_CPG135001S30_1u,choc_v1_SW_HS,smt,True
100.26,-107.44663,0.0,bottom,CH25,,,SW_choc_v1_HS_CPG135001S30_1u,choc_v1_SW_HS,smt,True
82.26,-109.65663,0.0,bottom,CH26,,,SW_choc_v1_HS_CPG135001S30_1u,choc_v1_SW_HS,smt,True
118.26,-109.65663,0.0,bottom,CH27,,,SW_choc_v1_HS_CPG135001S30_1u,choc_v1_SW_HS,smt,True
136.26,-111.69663,0.0,bottom,CH28,,,SW_choc_v1_HS_CPG135001S30_1u,choc_v1_SW_HS,smt,True
46.26,-113.90663,0.0,bottom,CH29,,,SW_choc_v1_HS_CPG135001S30_1u,choc_v1_SW_HS,smt,True
118.26,-41.65663,0.0,bottom,CH3,,,SW_choc_v1_HS_CPG135001S30_1u,choc_v1_SW_HS,smt,True
64.26,-113.90663,0.0,bottom,CH30,,,SW_choc_v1_HS_CPG135001S30_1u,choc_v1_SW_HS,smt,True
142.535957,-136.120582,-30.0,bottom,CH31,,,SW_choc_v1_HS_CPG135001S30_1.25u,choc_v1_SW_HS,smt,True
155.999415,-148.80119,-30.0,bottom,CH32,,,SW_choc_v1_HS_CPG135001S30_1.75u,choc_v1_SW_HS,smt,True
136.26,-43.69663,0.0,bottom,CH4,,,SW_choc_v1_HS_CPG135001S30_1u,choc_v1_SW_HS,smt,True
46.26,-45.90663,0.0,bottom,CH5,,,SW_choc_v1_HS_CPG135001S30_1u,choc_v1_SW_HS,smt,True
64.26,-45.90663,0.0,bottom,CH6,,,SW_choc_v1_HS_CPG135001S30_1u,choc_v1_SW_HS,smt,True
100.26,-56.44663,0.0,bottom,CH7,,,SW_choc_v1_HS_CPG135001S30_1u,choc_v1_SW_HS,smt,True
82.26,-58.65663,0.0,bottom,CH8,,,SW_choc_v1_HS_CPG135001S30_1u,choc_v1_SW_HS,smt,True
118.26,-58.65663,0.0,bottom,CH9,,,SW_choc_v1_HS_CPG135001S30_1u,choc_v1_SW_HS,smt,True
97.06,-39.44663,90.0,bottom,D1,,,D_SOD-123,D,smt,True
133.06,-60.69663,90.0,bottom,D10,,,D_SOD-123,D,smt,True
43.06,-62.90663,90.0,bottom,D11,,,D_SOD-123,D,smt,True
61.06,-62.90663,90.0,bottom,D12,,,D_SOD-123,D,smt,True
97.06,-73.44663,90.0,bottom,D13,,,D_SOD-123,D,smt,True
79.06,-75.65663,90.0,bottom,D14,,,D_SOD-123,D,smt,True
115.06,-75.65663,90.0,bottom,D15,,,D_SOD-123,D,smt,True
133.06,-77.69663,90.0,bottom,D16,,,D_SOD-123,D,smt,True
43.06,-79.90663,90.0,bottom,D17,,,D_SOD-123,D,smt,True
61.06,-79.90663,90.0,bottom,D18,,,D_SOD-123,D,smt,True
97.06,-90.44663,90.0,bottom,D19,,,D_SOD-123,D,smt,True
79.06,-41.65663,90.0,bottom,D2,,,D_SOD-123,D,smt,True
79.06,-92.65663,90.0,bottom,D20,,,D_SOD-123,D,smt,True
115.06,-92.65663,90.0,bottom,D21,,,D_SOD-123,D,smt,True
133.06,-94.69663,90.0,bottom,D22,,,D_SOD-123,D,smt,True
43.06,-96.90663,90.0,bottom,D23,,,D_SOD-123,D,smt,True
61.06,-96.90663,90.0,bottom,D24,,,D_SOD-123,D,smt,True
97.06,-107.44663,90.0,bottom,D25,,,D_SOD-123,D,smt,True
79.06,-109.65663,90.0,bottom,D26,,,D_SOD-123,D,smt,True
115.06,-109.65663,90.0,bottom,D27,,,D_SOD-123,D,smt,True
133.06,-111.69663,90.0,bottom,D28,,,D_SOD-123,D,smt,True
43.06,-113.90663,90.0,bottom,D29,,,D_SOD-123,D,smt,True
115.06,-41.65663,90.0,bottom,D3,,,D_SOD-123,D,smt,True
61.06,-113.90663,90.0,bottom,D30,,,D_SOD-123,D,smt,True
139.764676,-134.520583,60.0,bottom,D31,,,D_SOD-123,D,smt,True
153.228134,-147.201191,60.0,bottom,D32,,,D_SOD-123,D,smt,True
133.06,-43.69663,90.0,bottom,D4,,,D_SOD-123,D,smt,True
43.06,-45.90663,90.0,bottom,D5,,,D_SOD-123,D,smt,True
61.06,-45.90663,90.0,bottom,D6,,,D_SOD-123,D,smt,True
97.06,-56.44663,90.0,bottom,D7,,,D_SOD-123,D,smt,True
79.06,-58.65663,90.0,bottom,D8,,,D_SOD-123,D,smt,True
115.06,-58.65663,90.0,bottom,D9,,,D_SOD-123,D,smt,True
156.5,-48.97,-90.0,bottom,F1,,,Fuse_1206_3216Metric,500mA,smt,True
38.82,-31.93,0.0,top,H1,,,MountingHole_3.2mm_M3_DIN965_Pad,MountingHole_Pad,tht,False
112.91,-28.53,0.0,top,H2,,,MountingHole_3.2mm_M3_DIN965_Pad,MountingHole_Pad,tht,False
185.49,-49.23,0.0,top,H3,,,MountingHole_3.2mm_M3_DIN965_Pad,MountingHole_Pad,tht,False
185.16,-123.78,0.0,top,H4,,,MountingHole_3.2mm_M3_DIN965_Pad,MountingHole_Pad,tht,False
160.26,-169.71,0.0,top,H5,,,MountingHole_3.2mm_M3_DIN965_Pad,MountingHole_Pad,tht,False
134.42,-125.64,0.0,top,H6,,,MountingHole_3.2mm_M3_DIN965_Pad,MountingHole_Pad,tht,False
38.91,-126.94,0.0,top,H7,,,MountingHole_3.2mm_M3_DIN965_Pad,MountingHole_Pad,tht,False
162.024247,-40.987165,-17.0,bottom,J1,,,USB_C_Receptacle_HRO_TYPE-C-31-M-12,USB_C_Receptacle_USB2.0,smt,True
169.7,-44.23,73.0,top,J2,,,PinHeader_1x05_P2.54mm_Vertical,Conn_01x05,tht,True
186.96,-64.03,-90.0,bottom,J3,,,USB_C_Receptacle_HRO_TYPE-C-31-M-12,USB_C_Receptacle_USB2.0,smt,True
136.265,-48.41,0.0,bottom,LED1,,,LED_choc_6028R,choc_SK6812MINI-E,smt,True
100.245,-61.16,180.0,bottom,LED10,,,LED_choc_6028R,choc_SK6812MINI-E,smt,True
118.2575,-63.359999,180.0,bottom,LED11,,,LED_choc_6028R,choc_SK6812MINI-E,smt,True
136.275,-65.42,180.0,bottom,LED12,,,LED_choc_6028R,choc_SK6812MINI-E,smt,True
136.2625,-82.430001,0.0,bottom,LED13,,,LED_choc_6028R,choc_SK6812MINI-E,smt,True
118.265,-80.37,0.0,bottom,LED14,,,LED_choc_6028R,choc_SK6812MINI-E,smt,True
100.26,-78.15,0.0,bottom,LED15,,,LED_choc_6028R,choc_SK6812MINI-E,smt,True
82.25,-80.37,0.0,bottom,LED16,,,LED_choc_6028R,choc_SK6812MINI-E,smt,True
64.26,-84.62,0.0,bottom,LED17,,,LED_choc_6028R,choc_SK6812MINI-E,smt,True
46.2725,-84.620001,0.0,bottom,LED18,,,LED_choc_6028R,choc_SK6812MINI-E,smt,True
46.26,-101.62,180.0,bottom,LED19,,,LED_choc_6028R,choc_SK6812MINI-E,smt,True
118.245,-46.37,0.0,bottom,LED2,,,LED_choc_6028R,choc_SK6812MINI-E,smt,True
64.255,-101.61,180.0,bottom,LED20,,,LED_choc_6028R,choc_SK6812MINI-E,smt,True
82.265,-97.37,180.0,bottom,LED21,,,LED_choc_6028R,choc_SK6812MINI-E,smt,True
100.25,-95.16,180.0,bottom,LED22,,,LED_choc_6028R,choc_SK6812MINI-E,smt,True
118.255,-97.37,180.0,bottom,LED23,,,LED_choc_6028R,choc_SK6812MINI-E,smt,True
136.255,-99.41,180.0,bottom,LED24,,,LED_choc_6028R,choc_SK6812MINI-E,smt,True
136.25,-116.41,0.0,bottom,LED25,,,LED_choc_6028R,choc_SK6812MINI-E,smt,True
118.26,-114.36,0.0,bottom,LED26,,,LED_choc_6028R,choc_SK6812MINI-E,smt,True
100.27,-112.15,0.0,bottom,LED27,,,LED_choc_6028R,choc_SK6812MINI-E,smt,True
82.255,-114.37,0.0,bottom,LED28,,,LED_choc_6028R,choc_SK6812MINI-E,smt,True
64.2625,-118.620001,0.0,bottom,LED29,,,LED_choc_6028R,choc_SK6812MINI-E,smt,True
100.2625,-44.160001,0.0,bottom,LED3,,,LED_choc_6028R,choc_SK6812MINI-E,smt,True
46.265,-118.62,0.0,bottom,LED30,,,LED_choc_6028R,choc_SK6812MINI-E,smt,True
140.094919,-140.212981,150.0,bottom,LED31,,,LED_choc_6028R,choc_SK6812MINI-E,smt,True
153.635163,-152.95193,150.0,bottom,LED32,,,LED_choc_6028R,choc_SK6812MINI-E,smt,True
82.2725,-46.370001,0.0,bottom,LED4,,,LED_choc_6028R,choc_SK6812MINI-E,smt,True
64.265,-50.62,0.0,bottom,LED5,,,LED_choc_6028R,choc_SK6812MINI-E,smt,True
46.2625,-50.620001,0.0,bottom,LED6,,,LED_choc_6028R,choc_SK6812MINI-E,smt,True
46.25,-67.62,180.0,bottom,LED7,,,LED_choc_6028R,choc_SK6812MINI-E,smt,True
64.26,-67.62,180.0,bottom,LED8,,,LED_choc_6028R,choc_SK6812MINI-E,smt,True
82.2575,-63.369999,180.0,bottom,LED9,,,LED_choc_6028R,choc_SK6812MINI-E,smt,True
155.885,-107.8925,-90.0,bottom,Q1,,,SOT-23-3,AO3401A,smt,True
155.86,-103.0375,-90.0,bottom,Q2,,,SOT-23-3,MMUN2233LT1G,smt,True
164.26,-50.31,180.0,bottom,R1,,,R_0402_1005Metric,5.1k,smt,True
163.3,-49.08,0.0,bottom,R2,,,R_0402_1005Metric,5.1k,smt,True
171.45,-82.73,0.0,bottom,R3,,,R_0402_1005Metric,5.1k,smt,True
171.5,-83.93,180.0,bottom,R4,,,R_0402_1005Metric,5.1k,smt,True
154.77,-84.72,180.0,bottom,RST1,,,SW_SPST_TL3342,SW_SPST,smt,True
160.3,-68.08,90.0,bottom,U1,,,LQFP-48_7x7mm_P0.5mm,STM32F072CBT6,smt,True
160.3,-50.33,0.0,bottom,U2,,,SOT-143,PRTR5V0U2X,smt,True
155.765,-57.0025,180.0,bottom,U3,,,SOT-23,XC6206PxxxMR-Regulator_Linear,smt,True
155.990001,-118.24,90.0,top,U4,,,CR2013-MI2120,CR2013-MI2120,tht,True
150.86,-48.19,180.0,bottom,U5,,,SOT-363_SC-70-6_Handsoldering,TXB0101,smt,True
