﻿pos_x,pos_y,rotation,side,designator,mpn,pack,footprint,value,mount_type,place
166.25,-73.65,0.0,bottom,BOOT1,,,SW_SPST_TL3342,SW_SPST,smt,True
159.006577,-64.826577,180.0,bottom,C1,,,C_0402_1005Metric,100nF,smt,True
152.24,-46.8875,180.0,bottom,C10,,,C_0402_1005Metric,1uF,smt,True
130.58,-36.74,-90.0,bottom,C11,,,C_0402_1005Metric,0.1uF,smt,True
112.57,-34.66,-90.0,bottom,C12,,,C_0402_1005Metric,0.1uF,smt,True
94.54,-32.49,-90.0,bottom,C13,,,C_0402_1005Metric,0.1uF,smt,True
76.6,-34.72,-90.0,bottom,C14,,,C_0402_1005Metric,0.1uF,smt,True
58.61,-38.95,-90.0,bottom,C15,,,C_0402_1005Metric,0.1uF,smt,True
40.56,-38.9,-90.0,bottom,C16,,,C_0402_1005Metric,0.1uF,smt,True
52.45,-57.32,90.0,bottom,C17,,,C_0402_1005Metric,0.1uF,smt,True
70.4,-57.33,90.0,bottom,C18,,,C_0402_1005Metric,0.1uF,smt,True
88.38,-53.02,90.0,bottom,C19,,,C_0402_1005Metric,0.1uF,smt,True
154.99,-47.1375,0.0,bottom,C2,,,C_0603_1608Metric,10uF,smt,True
106.37,-50.85,90.0,bottom,C20,,,C_0402_1005Metric,0.1uF,smt,True
124.36,-53.09,90.0,bottom,C21,,,C_0402_1005Metric,0.1uF,smt,True
143.0,-55.1,90.0,bottom,C22,,,C_0402_1005Metric,0.1uF,smt,True
130.47,-70.74,-90.0,bottom,C23,,,C_0402_1005Metric,0.1uF,smt,True
112.58,-68.66,-90.0,bottom,C24,,,C_0402_1005Metric,0.1uF,smt,True
94.5,-66.5,-90.0,bottom,C25,,,C_0402_1005Metric,0.1uF,smt,True
76.52,-68.74,-90.0,bottom,C26,,,C_0402_1005Metric,0.1uF,smt,True
58.5,-72.95,-90.0,bottom,C27,,,C_0402_1005Metric,0.1uF,smt,True
40.59,-72.93,-90.0,bottom,C28,,,C_0402_1005Metric,0.1uF,smt,True
52.3,-91.28,90.0,bottom,C29,,,C_0402_1005Metric,0.1uF,smt,True
164.77,-52.59,0.0,bottom,C3,,,C_0402_1005Metric,100nF,smt,True
70.3675,-91.340001,90.0,bottom,C30,,,C_0402_1005Metric,0.1uF,smt,True
88.33,-87.06,90.0,bottom,C31,,,C_0402_1005Metric,0.1uF,smt,True
106.26,-84.87,90.0,bottom,C32,,,C_0402_1005Metric,0.1uF,smt,True
124.32,-87.09,90.0,bottom,C33,,,C_0402_1005Metric,0.1uF,smt,True
142.31,-89.13,90.0,bottom,C34,,,C_0402_1005Metric,0.1uF,smt,True
130.56,-104.69,-90.0,bottom,C35,,,C_0402_1005Metric,0.1uF,smt,True
112.58,-102.64,-90.0,bottom,C36,,,C_0402_1005Metric,0.1uF,smt,True
94.56,-100.49,-90.0,bottom,C37,,,C_0402_1005Metric,0.1uF,smt,True
76.53,-102.69,-90.0,bottom,C38,,,C_0402_1005Metric,0.1uF,smt,True
58.55,-106.94,-90.0,bottom,C39,,,C_0402_1005Metric,0.1uF,smt,True
156.02,-52.84,90.0,bottom,C4,,,C_0402_1005Metric,100nF,smt,True
40.54,-106.91,-90.0,bottom,C40,,,C_0402_1005Metric,0.1uF,smt,True
145.05,-132.75,60.0,bottom,C41,,,C_0402_1005Metric,0.1uF,smt,True
158.640244,-145.478949,60.0,bottom,C42,,,C_0402_1005Metric,0.1uF,smt,True
150.92375,-34.2425,180.0,bottom,C43,,,C_0402_1005Metric,0.1uF,smt,True
150.93375,-33.0225,0.0,bottom,C44,,,C_0402_1005Metric,0.1uF,smt,True
165.02,-61.34,-90.0,bottom,C5,,,C_0402_1005Metric,100nF,smt,True
164.52,-62.84,0.0,bottom,C6,,,C_0402_1005Metric,100nF,smt,True
159.006577,-63.576577,0.0,bottom,C7,,,C_0402_1005Metric,100nF,smt,True
163.03,-40.7825,-90.0,bottom,C8,,,C_0402_1005Metric,100nF,smt,True
153.3925,-43.5625,90.0,bottom,C9,,,C_0402_1005Metric,1uF,smt,True
100.48,-28.45663,0.0,bottom,CH1,,,SW_choc_v1_HS_CPG135001S30_1u,choc_v1_SW_HS,smt,True
136.48,-49.70663,0.0,bottom,CH10,,,SW_choc_v1_HS_CPG135001S30_1u,choc_v1_SW_HS,smt,True
46.48,-51.91663,0.0,bottom,CH11,,,SW_choc_v1_HS_CPG135001S30_1u,choc_v1_SW_HS,smt,True
64.48,-51.91663,0.0,bottom,CH12,,,SW_choc_v1_HS_CPG135001S30_1u,choc_v1_SW_HS,smt,True
100.48,-62.45663,0.0,bottom,CH13,,,SW_choc_v1_HS_CPG135001S30_1u,choc_v1_SW_HS,smt,True
82.48,-64.66663,0.0,bottom,CH14,,,SW_choc_v1_HS_CPG135001S30_1u,choc_v1_SW_HS,smt,True
118.48,-64.66663,0.0,bottom,CH15,,,SW_choc_v1_HS_CPG135001S30_1u,choc_v1_SW_HS,smt,True
136.48,-66.70663,0.0,bottom,CH16,,,SW_choc_v1_HS_CPG135001S30_1u,choc_v1_SW_HS,smt,True
46.48,-68.91663,0.0,bottom,CH17,,,SW_choc_v1_HS_CPG135001S30_1u,choc_v1_SW_HS,smt,True
64.48,-68.91663,0.0,bottom,CH18,,,SW_choc_v1_HS_CPG135001S30_1u,choc_v1_SW_HS,smt,True
100.48,-79.45663,0.0,bottom,CH19,,,SW_choc_v1_HS_CPG135001S30_1u,choc_v1_SW_HS,smt,True
82.48,-30.66663,0.0,bottom,CH2,,,SW_choc_v1_HS_CPG135001S30_1u,choc_v1_SW_HS,smt,True
82.48,-81.66663,0.0,bottom,CH20,,,SW_choc_v1_HS_CPG135001S30_1u,choc_v1_SW_HS,smt,True
118.48,-81.66663,0.0,bottom,CH21,,,SW_choc_v1_HS_CPG135001S30_1u,choc_v1_SW_HS,smt,True
136.48,-83.70663,0.0,bottom,CH22,,,SW_choc_v1_HS_CPG135001S30_1u,choc_v1_SW_HS,smt,True
46.48,-85.91663,0.0,bottom,CH23,,,SW_choc_v1_HS_CPG135001S30_1u,choc_v1_SW_HS,smt,True
64.48,-85.91663,0.0,bottom,CH24,,,SW_choc_v1_HS_CPG135001S30_1u,choc_v1_SW_HS,smt,True
100.48,-96.45663,0.0,bottom,CH25,,,SW_choc_v1_HS_CPG135001S30_1u,choc_v1_SW_HS,smt,True
82.48,-98.66663,0.0,bottom,CH26,,,SW_choc_v1_HS_CPG135001S30_1u,choc_v1_SW_HS,smt,True
118.48,-98.66663,0.0,bottom,CH27,,,SW_choc_v1_HS_CPG135001S30_1u,choc_v1_SW_HS,smt,True
136.48,-100.70663,0.0,bottom,CH28,,,SW_choc_v1_HS_CPG135001S30_1u,choc_v1_SW_HS,smt,True
46.48,-102.91663,0.0,bottom,CH29,,,SW_choc_v1_HS_CPG135001S30_1u,choc_v1_SW_HS,smt,True
118.48,-30.66663,0.0,bottom,CH3,,,SW_choc_v1_HS_CPG135001S30_1u,choc_v1_SW_HS,smt,True
64.48,-102.91663,0.0,bottom,CH30,,,SW_choc_v1_HS_CPG135001S30_1u,choc_v1_SW_HS,smt,True
142.755957,-125.130582,-30.0,bottom,CH31,,,SW_choc_v1_HS_CPG135001S30_1.25u,choc_v1_SW_HS,smt,True
156.219415,-137.81119,-30.0,bottom,CH32,,,SW_choc_v1_HS_CPG135001S30_1.75u,choc_v1_SW_HS,smt,True
136.48,-32.70663,0.0,bottom,CH4,,,SW_choc_v1_HS_CPG135001S30_1u,choc_v1_SW_HS,smt,True
46.48,-34.91663,0.0,bottom,CH5,,,SW_choc_v1_HS_CPG135001S30_1u,choc_v1_SW_HS,smt,True
64.48,-34.91663,0.0,bottom,CH6,,,SW_choc_v1_HS_CPG135001S30_1u,choc_v1_SW_HS,smt,True
100.48,-45.45663,0.0,bottom,CH7,,,SW_choc_v1_HS_CPG135001S30_1u,choc_v1_SW_HS,smt,True
82.48,-47.66663,0.0,bottom,CH8,,,SW_choc_v1_HS_CPG135001S30_1u,choc_v1_SW_HS,smt,True
118.48,-47.66663,0.0,bottom,CH9,,,SW_choc_v1_HS_CPG135001S30_1u,choc_v1_SW_HS,smt,True
97.28,-28.45663,90.0,bottom,D1,,,D_SOD-123,D,smt,True
133.28,-49.70663,90.0,bottom,D10,,,D_SOD-123,D,smt,True
43.28,-51.91663,90.0,bottom,D11,,,D_SOD-123,D,smt,True
61.28,-51.91663,90.0,bottom,D12,,,D_SOD-123,D,smt,True
97.28,-62.45663,90.0,bottom,D13,,,D_SOD-123,D,smt,True
79.28,-64.66663,90.0,bottom,D14,,,D_SOD-123,D,smt,True
115.28,-64.66663,90.0,bottom,D15,,,D_SOD-123,D,smt,True
133.28,-66.70663,90.0,bottom,D16,,,D_SOD-123,D,smt,True
43.28,-68.91663,90.0,bottom,D17,,,D_SOD-123,D,smt,True
61.28,-68.91663,90.0,bottom,D18,,,D_SOD-123,D,smt,True
97.28,-79.45663,90.0,bottom,D19,,,D_SOD-123,D,smt,True
79.28,-30.66663,90.0,bottom,D2,,,D_SOD-123,D,smt,True
79.28,-81.66663,90.0,bottom,D20,,,D_SOD-123,D,smt,True
115.28,-81.66663,90.0,bottom,D21,,,D_SOD-123,D,smt,True
133.28,-83.70663,90.0,bottom,D22,,,D_SOD-123,D,smt,True
43.28,-85.91663,90.0,bottom,D23,,,D_SOD-123,D,smt,True
61.28,-85.91663,90.0,bottom,D24,,,D_SOD-123,D,smt,True
97.28,-96.45663,90.0,bottom,D25,,,D_SOD-123,D,smt,True
79.28,-98.66663,90.0,bottom,D26,,,D_SOD-123,D,smt,True
115.28,-98.66663,90.0,bottom,D27,,,D_SOD-123,D,smt,True
133.28,-100.70663,90.0,bottom,D28,,,D_SOD-123,D,smt,True
43.28,-102.91663,90.0,bottom,D29,,,D_SOD-123,D,smt,True
115.28,-30.66663,90.0,bottom,D3,,,D_SOD-123,D,smt,True
61.28,-102.91663,90.0,bottom,D30,,,D_SOD-123,D,smt,True
139.984676,-123.530583,60.0,bottom,D31,,,D_SOD-123,D,smt,True
153.448134,-136.211191,60.0,bottom,D32,,,D_SOD-123,D,smt,True
133.28,-32.70663,90.0,bottom,D4,,,D_SOD-123,D,smt,True
43.28,-34.91663,90.0,bottom,D5,,,D_SOD-123,D,smt,True
61.28,-34.91663,90.0,bottom,D6,,,D_SOD-123,D,smt,True
97.28,-45.45663,90.0,bottom,D7,,,D_SOD-123,D,smt,True
79.28,-47.66663,90.0,bottom,D8,,,D_SOD-123,D,smt,True
115.28,-47.66663,90.0,bottom,D9,,,D_SOD-123,D,smt,True
156.0875,-38.77875,180.0,bottom,F1,,,Fuse_1206_3216Metric,500mA,smt,True
162.244247,-29.997165,-17.0,bottom,J1,,,USB_C_Receptacle_HRO_TYPE-C-31-M-12,USB_C_Receptacle_USB2.0,smt,True
170.11,-32.63,73.0,top,J2,,,PinHeader_1x05_P2.54mm_Vertical,Conn_01x05,tht,True
185.904827,-51.699321,-90.0,bottom,J3,,,USB_C_Receptacle_HRO_TYPE-C-31-M-12,USB_C_Receptacle_USB2.0,smt,True
136.485,-37.42,0.0,bottom,LED1,,,LED_choc_6028R,choc_SK6812MINI-E,smt,True
100.465,-50.17,180.0,bottom,LED10,,,LED_choc_6028R,choc_SK6812MINI-E,smt,True
118.4775,-52.369999,180.0,bottom,LED11,,,LED_choc_6028R,choc_SK6812MINI-E,smt,True
136.495,-54.43,180.0,bottom,LED12,,,LED_choc_6028R,choc_SK6812MINI-E,smt,True
136.4825,-71.440001,0.0,bottom,LED13,,,LED_choc_6028R,choc_SK6812MINI-E,smt,True
118.485,-69.38,0.0,bottom,LED14,,,LED_choc_6028R,choc_SK6812MINI-E,smt,True
100.48,-67.16,0.0,bottom,LED15,,,LED_choc_6028R,choc_SK6812MINI-E,smt,True
82.47,-69.38,0.0,bottom,LED16,,,LED_choc_6028R,choc_SK6812MINI-E,smt,True
64.48,-73.63,0.0,bottom,LED17,,,LED_choc_6028R,choc_SK6812MINI-E,smt,True
46.4925,-73.630001,0.0,bottom,LED18,,,LED_choc_6028R,choc_SK6812MINI-E,smt,True
46.48,-90.63,180.0,bottom,LED19,,,LED_choc_6028R,choc_SK6812MINI-E,smt,True
118.465,-35.38,0.0,bottom,LED2,,,LED_choc_6028R,choc_SK6812MINI-E,smt,True
64.475,-90.62,180.0,bottom,LED20,,,LED_choc_6028R,choc_SK6812MINI-E,smt,True
82.485,-86.38,180.0,bottom,LED21,,,LED_choc_6028R,choc_SK6812MINI-E,smt,True
100.47,-84.17,180.0,bottom,LED22,,,LED_choc_6028R,choc_SK6812MINI-E,smt,True
118.475,-86.38,180.0,bottom,LED23,,,LED_choc_6028R,choc_SK6812MINI-E,smt,True
136.475,-88.42,180.0,bottom,LED24,,,LED_choc_6028R,choc_SK6812MINI-E,smt,True
136.47,-105.42,0.0,bottom,LED25,,,LED_choc_6028R,choc_SK6812MINI-E,smt,True
118.48,-103.37,0.0,bottom,LED26,,,LED_choc_6028R,choc_SK6812MINI-E,smt,True
100.49,-101.16,0.0,bottom,LED27,,,LED_choc_6028R,choc_SK6812MINI-E,smt,True
82.475,-103.38,0.0,bottom,LED28,,,LED_choc_6028R,choc_SK6812MINI-E,smt,True
64.4825,-107.630001,0.0,bottom,LED29,,,LED_choc_6028R,choc_SK6812MINI-E,smt,True
100.4825,-33.170001,0.0,bottom,LED3,,,LED_choc_6028R,choc_SK6812MINI-E,smt,True
46.485,-107.63,0.0,bottom,LED30,,,LED_choc_6028R,choc_SK6812MINI-E,smt,True
140.314919,-129.222981,150.0,bottom,LED31,,,LED_choc_6028R,choc_SK6812MINI-E,smt,True
153.855163,-141.96193,150.0,bottom,LED32,,,LED_choc_6028R,choc_SK6812MINI-E,smt,True
82.4925,-35.380001,0.0,bottom,LED4,,,LED_choc_6028R,choc_SK6812MINI-E,smt,True
64.485,-39.63,0.0,bottom,LED5,,,LED_choc_6028R,choc_SK6812MINI-E,smt,True
46.4825,-39.630001,0.0,bottom,LED6,,,LED_choc_6028R,choc_SK6812MINI-E,smt,True
46.47,-56.63,180.0,bottom,LED7,,,LED_choc_6028R,choc_SK6812MINI-E,smt,True
64.48,-56.63,180.0,bottom,LED8,,,LED_choc_6028R,choc_SK6812MINI-E,smt,True
82.4775,-52.379999,180.0,bottom,LED9,,,LED_choc_6028R,choc_SK6812MINI-E,smt,True
164.48,-39.32,180.0,bottom,R1,,,R_0402_1005Metric,5.1k,smt,True
163.52,-38.09,0.0,bottom,R2,,,R_0402_1005Metric,5.1k,smt,True
171.67,-71.74,0.0,bottom,R3,,,R_0402_1005Metric,5.1k,smt,True
171.72,-72.94,180.0,bottom,R4,,,R_0402_1005Metric,5.1k,smt,True
154.99,-73.73,180.0,bottom,RST1,,,SW_SPST_TL3342,SW_SPST,smt,True
160.52,-57.09,90.0,bottom,U1,,,LQFP-48_7x7mm_P0.5mm,STM32F072CBT6,smt,True
160.52,-39.34,0.0,bottom,U2,,,SOT-143,PRTR5V0U2X,smt,True
156.1225,-44.06,180.0,bottom,U3,,,SOT-23,XC6206PxxxMR-Regulator_Linear,smt,True
156.210001,-105.46,90.0,top,U4,,,CR2013-MI2120,CR2013-MI2120,tht,True
146.12375,-34.1825,180.0,bottom,U5,,,SOT-363_SC-70-6_Handsoldering,TXB0101,smt,True
