﻿pos_x,pos_y,rotation,side,designator,mpn,pack,footprint,value,mount_type
36.0,-34.0,0.0,bottom,CH1,,,SW_choc_v1_HS_CPG135001S30_1u,choc_v1_SW_HS,smt
54.0,-68.0,0.0,bottom,CH10,,,SW_choc_v1_HS_CPG135001S30_1u,choc_v1_SW_HS,smt
72.0,-68.0,0.0,bottom,CH11,,,SW_choc_v1_HS_CPG135001S30_1u,choc_v1_SW_HS,smt
90.0,-68.0,0.0,bottom,CH12,,,SW_choc_v1_HS_CPG135001S30_1u,choc_v1_SW_HS,smt
36.0,-85.0,0.0,bottom,CH13,,,SW_choc_v1_HS_CPG135001S30_1u,choc_v1_SW_HS,smt
54.0,-85.0,0.0,bottom,CH14,,,SW_choc_v1_HS_CPG135001S30_1u,choc_v1_SW_HS,smt
72.0,-85.0,0.0,bottom,CH15,,,SW_choc_v1_HS_CPG135001S30_1u,choc_v1_SW_HS,smt
90.0,-85.0,0.0,bottom,CH16,,,SW_choc_v1_HS_CPG135001S30_1u,choc_v1_SW_HS,smt
36.0,-102.0,0.0,bottom,CH17,,,SW_choc_v1_HS_CPG135001S30_1u,choc_v1_SW_HS,smt
54.0,-102.0,0.0,bottom,CH18,,,SW_choc_v1_HS_CPG135001S30_1u,choc_v1_SW_HS,smt
72.0,-102.0,0.0,bottom,CH19,,,SW_choc_v1_HS_CPG135001S30_1u,choc_v1_SW_HS,smt
54.0,-34.0,0.0,bottom,CH2,,,SW_choc_v1_HS_CPG135001S30_1u,choc_v1_SW_HS,smt
90.0,-102.0,0.0,bottom,CH20,,,SW_choc_v1_HS_CPG135001S30_1u,choc_v1_SW_HS,smt
72.0,-34.0,0.0,bottom,CH3,,,SW_choc_v1_HS_CPG135001S30_1u,choc_v1_SW_HS,smt
90.0,-34.0,0.0,bottom,CH4,,,SW_choc_v1_HS_CPG135001S30_1u,choc_v1_SW_HS,smt
36.0,-51.0,0.0,bottom,CH5,,,SW_choc_v1_HS_CPG135001S30_1u,choc_v1_SW_HS,smt
54.0,-51.0,0.0,bottom,CH6,,,SW_choc_v1_HS_CPG135001S30_1u,choc_v1_SW_HS,smt
72.0,-51.0,0.0,bottom,CH7,,,SW_choc_v1_HS_CPG135001S30_1u,choc_v1_SW_HS,smt
90.0,-51.0,0.0,bottom,CH8,,,SW_choc_v1_HS_CPG135001S30_1u,choc_v1_SW_HS,smt
36.0,-68.0,0.0,bottom,CH9,,,SW_choc_v1_HS_CPG135001S30_1u,choc_v1_SW_HS,smt
33.0,-34.7,90.0,bottom,D1,,,D_SOD-123,D,smt
51.0,-68.7,90.0,bottom,D10,,,D_SOD-123,D,smt
69.0,-68.7,90.0,bottom,D11,,,D_SOD-123,D,smt
87.0,-68.7,90.0,bottom,D12,,,D_SOD-123,D,smt
33.0,-85.7,90.0,bottom,D13,,,D_SOD-123,D,smt
51.0,-85.7,90.0,bottom,D14,,,D_SOD-123,D,smt
69.0,-85.7,90.0,bottom,D15,,,D_SOD-123,D,smt
87.0,-85.7,90.0,bottom,D16,,,D_SOD-123,D,smt
33.0,-102.7,90.0,bottom,D17,,,D_SOD-123,D,smt
51.0,-102.7,90.0,bottom,D18,,,D_SOD-123,D,smt
69.0,-102.7,90.0,bottom,D19,,,D_SOD-123,D,smt
51.0,-34.7,90.0,bottom,D2,,,D_SOD-123,D,smt
87.0,-102.7,90.0,bottom,D20,,,D_SOD-123,D,smt
69.0,-34.7,90.0,bottom,D3,,,D_SOD-123,D,smt
87.0,-34.7,90.0,bottom,D4,,,D_SOD-123,D,smt
33.0,-51.7,90.0,bottom,D5,,,D_SOD-123,D,smt
51.0,-51.7,90.0,bottom,D6,,,D_SOD-123,D,smt
69.0,-51.7,90.0,bottom,D7,,,D_SOD-123,D,smt
87.0,-51.7,90.0,bottom,D8,,,D_SOD-123,D,smt
33.0,-68.7,90.0,bottom,D9,,,D_SOD-123,D,smt
26.48,-81.59,180.0,top,U1,,,Pogo_2.54mm_5p,~,tht
26.63,-54.49,180.0,top,U2,,,Pogo_2.54mm_5p,~,tht
