﻿pos_x,pos_y,rotation,side,designator,mpn,pack,footprint,value,mount_type,place
38.82,-31.93,0.0,top,H1,,,MountingHole_3.2mm_M3_DIN965_Pad,MountingHole_Pad,tht,False
112.91,-28.53,0.0,top,H2,,,MountingHole_3.2mm_M3_DIN965_Pad,MountingHole_Pad,tht,False
185.49,-49.23,0.0,top,H3,,,MountingHole_3.2mm_M3_DIN965_Pad,MountingHole_Pad,tht,False
185.16,-123.78,0.0,top,H4,,,MountingHole_3.2mm_M3_DIN965_Pad,MountingHole_Pad,tht,False
160.26,-169.71,0.0,top,H5,,,MountingHole_3.2mm_M3_DIN965_Pad,MountingHole_Pad,tht,False
134.42,-125.64,0.0,top,H6,,,MountingHole_3.2mm_M3_DIN965_Pad,MountingHole_Pad,tht,False
38.91,-126.94,0.0,top,H7,,,MountingHole_3.2mm_M3_DIN965_Pad,MountingHole_Pad,tht,False
