﻿pos_x,pos_y,rotation,side,designator,mpn,pack,footprint,value,mount_type
79.180001,-85.99,0.0,bottom,BOOT1,,,SW_SPST_TL3342,SW_SPST,smt
107.11,-50.82,180.0,bottom,C1,,,C_0402_1005Metric,0.1uF,smt
154.16,-60.87,0.0,bottom,C10,,,C_0402_1005Metric,0.1uF,smt
85.17,-77.3,180.0,bottom,C100,,,C_0402_1005Metric,100nF,smt
89.18,-60.59,0.0,bottom,C101,,,C_0603_1608Metric,10uF,smt
80.92,-75.13,180.0,bottom,C102,,,C_0402_1005Metric,100nF,smt
83.1,-77.3,0.0,bottom,C103,,,C_0402_1005Metric,100nF,smt
80.42,-73.67,-90.0,bottom,C104,,,C_0402_1005Metric,100nF,smt
88.88,-59.33,0.0,bottom,C105,,,C_0402_1005Metric,100nF,smt
80.64,-64.96,180.0,bottom,C106,,,C_0402_1005Metric,100nF,smt
89.080001,-52.21,0.0,bottom,C107,,,C_0402_1005Metric,1uF,smt
89.38,-65.12,90.0,bottom,C108,,,C_0402_1005Metric,1uF,smt
91.88,-56.61,90.0,bottom,C109,,,C_0402_1005Metric,100nF,smt
172.13,-65.14,0.0,bottom,C11,,,C_0402_1005Metric,0.1uF,smt
190.21,-69.37,0.0,bottom,C12,,,C_0402_1005Metric,0.1uF,smt
208.32,-77.89,0.0,bottom,C13,,,C_0402_1005Metric,0.1uF,smt
230.27,-77.92,0.0,bottom,C14,,,C_0402_1005Metric,0.1uF,smt
107.11,-84.82,180.0,bottom,C15,,,C_0402_1005Metric,0.1uF,smt
125.11,-80.57,180.0,bottom,C16,,,C_0402_1005Metric,0.1uF,smt
143.11,-76.32,180.0,bottom,C17,,,C_0402_1005Metric,0.1uF,smt
161.11,-80.57,180.0,bottom,C18,,,C_0402_1005Metric,0.1uF,smt
179.11,-84.82,180.0,bottom,C19,,,C_0402_1005Metric,0.1uF,smt
125.11,-46.57,180.0,bottom,C2,,,C_0402_1005Metric,0.1uF,smt
197.11,-93.32,180.0,bottom,C20,,,C_0402_1005Metric,0.1uF,smt
219.61,-93.32,180.0,bottom,C21,,,C_0402_1005Metric,0.1uF,smt
118.07,-103.37,0.0,bottom,C22,,,C_0402_1005Metric,0.1uF,smt
136.0,-99.12,0.0,bottom,C23,,,C_0402_1005Metric,0.1uF,smt
154.2,-94.88,0.0,bottom,C24,,,C_0402_1005Metric,0.1uF,smt
172.22,-99.13,0.0,bottom,C25,,,C_0402_1005Metric,0.1uF,smt
190.05,-103.39,0.0,bottom,C26,,,C_0402_1005Metric,0.1uF,smt
207.96,-111.87,0.0,bottom,C27,,,C_0402_1005Metric,0.1uF,smt
230.21,-111.89,0.0,bottom,C28,,,C_0402_1005Metric,0.1uF,smt
107.11,-118.82,180.0,bottom,C29,,,C_0402_1005Metric,0.1uF,smt
143.11,-42.32,180.0,bottom,C3,,,C_0402_1005Metric,0.1uF,smt
125.11,-114.57,180.0,bottom,C30,,,C_0402_1005Metric,0.1uF,smt
143.11,-110.32,180.0,bottom,C31,,,C_0402_1005Metric,0.1uF,smt
161.11,-114.57,180.0,bottom,C32,,,C_0402_1005Metric,0.1uF,smt
179.11,-118.82,180.0,bottom,C33,,,C_0402_1005Metric,0.1uF,smt
197.11,-127.32,180.0,bottom,C34,,,C_0402_1005Metric,0.1uF,smt
219.61,-127.32,180.0,bottom,C35,,,C_0402_1005Metric,0.1uF,smt
85.28,-149.33,30.0,bottom,C36,,,C_0402_1005Metric,0.1uF,smt
100.58,-140.49,30.0,bottom,C37,,,C_0402_1005Metric,0.1uF,smt
86.84,-173.73,-60.0,bottom,C38,,,C_0402_1005Metric,0.1uF,smt
98.340573,-154.624937,120.0,bottom,C39,,,C_0402_1005Metric,0.1uF,smt
161.11,-46.57,180.0,bottom,C4,,,C_0402_1005Metric,0.1uF,smt
145.11,-154.37,0.0,bottom,C40,,,C_0402_1005Metric,0.1uF,smt
163.1225,-137.38,0.0,bottom,C41,,,C_0402_1005Metric,0.1uF,smt
163.1,-154.39,0.0,bottom,C42,,,C_0402_1005Metric,0.1uF,smt
181.08,-154.36,0.0,bottom,C43,,,C_0402_1005Metric,0.1uF,smt
92.89,-51.48,180.0,bottom,C44,,,C_0402_1005Metric,0.1uF,smt
95.22,-51.49,180.0,bottom,C45,,,C_0402_1005Metric,0.1uF,smt
179.11,-50.82,180.0,bottom,C5,,,C_0402_1005Metric,0.1uF,smt
197.11,-59.32,180.0,bottom,C6,,,C_0402_1005Metric,0.1uF,smt
219.61,-59.32,180.0,bottom,C7,,,C_0402_1005Metric,0.1uF,smt
118.06,-69.38,0.0,bottom,C8,,,C_0402_1005Metric,0.1uF,smt
136.02,-65.12,0.0,bottom,C9,,,C_0402_1005Metric,0.1uF,smt
112.61,-46.92,0.0,bottom,CH1,,,SW_choc_v1_HS_CPG135001S30_1u,choc_v1_SW_HS,smt
148.61,-55.42,0.0,bottom,CH10,,,SW_choc_v1_HS_CPG135001S30_1u,choc_v1_SW_HS,smt
166.61,-59.67,0.0,bottom,CH11,,,SW_choc_v1_HS_CPG135001S30_1u,choc_v1_SW_HS,smt
184.61,-63.92,0.0,bottom,CH12,,,SW_choc_v1_HS_CPG135001S30_1u,choc_v1_SW_HS,smt
202.61,-72.42,0.0,bottom,CH13,,,SW_choc_v1_HS_CPG135001S30_1u,choc_v1_SW_HS,smt
225.11,-72.42,0.0,bottom,CH14,,,SW_choc_v1_HS_CPG135001S30_1.5u,choc_v1_SW_HS,smt
112.61,-80.92,0.0,bottom,CH15,,,SW_choc_v1_HS_CPG135001S30_1u,choc_v1_SW_HS,smt
130.61,-76.67,0.0,bottom,CH16,,,SW_choc_v1_HS_CPG135001S30_1u,choc_v1_SW_HS,smt
148.61,-72.42,0.0,bottom,CH17,,,SW_choc_v1_HS_CPG135001S30_1u,choc_v1_SW_HS,smt
166.61,-76.67,0.0,bottom,CH18,,,SW_choc_v1_HS_CPG135001S30_1u,choc_v1_SW_HS,smt
184.61,-80.92,0.0,bottom,CH19,,,SW_choc_v1_HS_CPG135001S30_1u,choc_v1_SW_HS,smt
130.61,-42.67,0.0,bottom,CH2,,,SW_choc_v1_HS_CPG135001S30_1u,choc_v1_SW_HS,smt
202.61,-89.42,0.0,bottom,CH20,,,SW_choc_v1_HS_CPG135001S30_1u,choc_v1_SW_HS,smt
225.11,-89.42,0.0,bottom,CH21,,,SW_choc_v1_HS_CPG135001S30_1.5u,choc_v1_SW_HS,smt
112.61,-97.92,0.0,bottom,CH22,,,SW_choc_v1_HS_CPG135001S30_1u,choc_v1_SW_HS,smt
130.61,-93.67,0.0,bottom,CH23,,,SW_choc_v1_HS_CPG135001S30_1u,choc_v1_SW_HS,smt
148.61,-89.42,0.0,bottom,CH24,,,SW_choc_v1_HS_CPG135001S30_1u,choc_v1_SW_HS,smt
166.61,-93.67,0.0,bottom,CH25,,,SW_choc_v1_HS_CPG135001S30_1u,choc_v1_SW_HS,smt
184.61,-97.92,0.0,bottom,CH26,,,SW_choc_v1_HS_CPG135001S30_1u,choc_v1_SW_HS,smt
202.61,-106.42,0.0,bottom,CH27,,,SW_choc_v1_HS_CPG135001S30_1u,choc_v1_SW_HS,smt
225.11,-106.42,0.0,bottom,CH28,,,SW_choc_v1_HS_CPG135001S30_1.5u,choc_v1_SW_HS,smt
112.61,-114.92,0.0,bottom,CH29,,,SW_choc_v1_HS_CPG135001S30_1u,choc_v1_SW_HS,smt
148.61,-38.42,0.0,bottom,CH3,,,SW_choc_v1_HS_CPG135001S30_1u,choc_v1_SW_HS,smt
130.61,-110.67,0.0,bottom,CH30,,,SW_choc_v1_HS_CPG135001S30_1u,choc_v1_SW_HS,smt
148.61,-106.42,0.0,bottom,CH31,,,SW_choc_v1_HS_CPG135001S30_1u,choc_v1_SW_HS,smt
166.61,-110.67,0.0,bottom,CH32,,,SW_choc_v1_HS_CPG135001S30_1u,choc_v1_SW_HS,smt
184.61,-114.92,0.0,bottom,CH33,,,SW_choc_v1_HS_CPG135001S30_1u,choc_v1_SW_HS,smt
202.61,-123.42,0.0,bottom,CH34,,,SW_choc_v1_HS_CPG135001S30_1u,choc_v1_SW_HS,smt
225.11,-123.42,0.0,bottom,CH35,,,SW_choc_v1_HS_CPG135001S30_1.5u,choc_v1_SW_HS,smt
77.801543,-147.29,30.0,bottom,CH36,,,SW_choc_v1_HS_CPG135001S30_1u,choc_v1_SW_HS,smt
93.39,-138.29,30.0,bottom,CH37,,,SW_choc_v1_HS_CPG135001S30_1u,choc_v1_SW_HS,smt
88.809649,-166.335252,-60.0,bottom,CH38,,,SW_choc_v1_HS_CPG135001S30_1.5u,choc_v1_SW_HS,smt
104.398106,-157.335252,-60.0,bottom,CH39,,,SW_choc_v1_HS_CPG135001S30_1.5u,choc_v1_SW_HS,smt
166.61,-42.67,0.0,bottom,CH4,,,SW_choc_v1_HS_CPG135001S30_1u,choc_v1_SW_HS,smt
139.61,-148.92,0.0,bottom,CH40,,,SW_choc_v1_HS_CPG135001S30_1u,choc_v1_SW_HS,smt
157.61,-131.92,0.0,bottom,CH41,,,SW_choc_v1_HS_CPG135001S30_1u,choc_v1_SW_HS,smt
157.61,-148.92,0.0,bottom,CH42,,,SW_choc_v1_HS_CPG135001S30_1u,choc_v1_SW_HS,smt
175.61,-148.92,0.0,bottom,CH43,,,SW_choc_v1_HS_CPG135001S30_1u,choc_v1_SW_HS,smt
184.61,-46.92,0.0,bottom,CH5,,,SW_choc_v1_HS_CPG135001S30_1u,choc_v1_SW_HS,smt
202.61,-55.42,0.0,bottom,CH6,,,SW_choc_v1_HS_CPG135001S30_1u,choc_v1_SW_HS,smt
225.11,-55.42,0.0,bottom,CH7,,,SW_choc_v1_HS_CPG135001S30_1.5u,choc_v1_SW_HS,smt
112.61,-63.92,0.0,bottom,CH8,,,SW_choc_v1_HS_CPG135001S30_1u,choc_v1_SW_HS,smt
130.61,-59.67,0.0,bottom,CH9,,,SW_choc_v1_HS_CPG135001S30_1u,choc_v1_SW_HS,smt
109.61,-47.52,90.0,bottom,D1,,,D_SOD-123,D,smt
145.61,-56.02,90.0,bottom,D10,,,D_SOD-123,D,smt
163.61,-60.27,90.0,bottom,D11,,,D_SOD-123,D,smt
181.61,-64.52,90.0,bottom,D12,,,D_SOD-123,D,smt
199.61,-73.02,90.0,bottom,D13,,,D_SOD-123,D,smt
222.11,-73.02,90.0,bottom,D14,,,D_SOD-123,D,smt
109.61,-81.52,90.0,bottom,D15,,,D_SOD-123,D,smt
127.61,-77.27,90.0,bottom,D16,,,D_SOD-123,D,smt
145.61,-73.02,90.0,bottom,D17,,,D_SOD-123,D,smt
163.61,-77.27,90.0,bottom,D18,,,D_SOD-123,D,smt
181.61,-81.52,90.0,bottom,D19,,,D_SOD-123,D,smt
127.61,-43.27,90.0,bottom,D2,,,D_SOD-123,D,smt
199.61,-90.02,90.0,bottom,D20,,,D_SOD-123,D,smt
222.11,-90.02,90.0,bottom,D21,,,D_SOD-123,D,smt
109.61,-98.52,90.0,bottom,D22,,,D_SOD-123,D,smt
127.61,-94.27,90.0,bottom,D23,,,D_SOD-123,D,smt
145.61,-90.02,90.0,bottom,D24,,,D_SOD-123,D,smt
163.61,-94.27,90.0,bottom,D25,,,D_SOD-123,D,smt
181.61,-98.52,90.0,bottom,D26,,,D_SOD-123,D,smt
199.61,-107.02,90.0,bottom,D27,,,D_SOD-123,D,smt
222.11,-107.02,90.0,bottom,D28,,,D_SOD-123,D,smt
109.61,-115.52,90.0,bottom,D29,,,D_SOD-123,D,smt
145.61,-39.02,90.0,bottom,D3,,,D_SOD-123,D,smt
127.61,-111.27,90.0,bottom,D30,,,D_SOD-123,D,smt
145.61,-107.02,90.0,bottom,D31,,,D_SOD-123,D,smt
163.61,-111.27,90.0,bottom,D32,,,D_SOD-123,D,smt
181.61,-115.52,90.0,bottom,D33,,,D_SOD-123,D,smt
199.61,-124.02,90.0,bottom,D34,,,D_SOD-123,D,smt
222.11,-124.02,90.0,bottom,D35,,,D_SOD-123,D,smt
75.503467,-149.309615,120.0,bottom,D36,,,D_SOD-123,D,smt
91.091924,-140.309615,120.0,bottom,D37,,,D_SOD-123,D,smt
86.82,-163.83,30.0,bottom,D38,,,D_SOD-123,D,smt
102.4,-154.79,30.0,bottom,D39,,,D_SOD-123,D,smt
163.61,-43.27,90.0,bottom,D4,,,D_SOD-123,D,smt
136.61,-149.52,90.0,bottom,D40,,,D_SOD-123,D,smt
154.61,-132.52,90.0,bottom,D41,,,D_SOD-123,D,smt
154.61,-149.52,90.0,bottom,D42,,,D_SOD-123,D,smt
172.61,-149.52,90.0,bottom,D43,,,D_SOD-123,D,smt
181.61,-47.52,90.0,bottom,D5,,,D_SOD-123,D,smt
199.61,-56.02,90.0,bottom,D6,,,D_SOD-123,D,smt
222.11,-56.02,90.0,bottom,D7,,,D_SOD-123,D,smt
109.61,-64.52,90.0,bottom,D8,,,D_SOD-123,D,smt
127.61,-60.27,90.0,bottom,D9,,,D_SOD-123,D,smt
79.76,-51.3,180.0,bottom,F1,,,Fuse_1206_3216Metric,500mA,smt
84.815408,-45.769687,16.75,bottom,J1,,,USB_C_Receptacle_HRO_TYPE-C-31-M-14,USB_C_Receptacle_USB2.0,smt
75.510001,-45.58,107.0,bottom,J2,,,PinHeader_1x05_P2.54mm_Vertical,Conn_01x05,tht
61.8,-68.945,90.0,bottom,J3,,,USB_C_Receptacle_HRO_TYPE-C-31-M-14,USB_C_Receptacle_USB2.0,smt
112.61,-51.62,0.0,bottom,LED1,,,LED_choc_6028R,choc_SK6812MINI-E,smt
148.61,-60.12,180.0,bottom,LED10,,,LED_choc_6028R,choc_SK6812MINI-E,smt
166.61,-64.37,180.0,bottom,LED11,,,LED_choc_6028R,choc_SK6812MINI-E,smt
184.61,-68.62,180.0,bottom,LED12,,,LED_choc_6028R,choc_SK6812MINI-E,smt
202.61,-77.12,180.0,bottom,LED13,,,LED_choc_6028R,choc_SK6812MINI-E,smt
225.11,-77.12,180.0,bottom,LED14,,,LED_choc_6028R,choc_SK6812MINI-E,smt
112.61,-85.62,0.0,bottom,LED15,,,LED_choc_6028R,choc_SK6812MINI-E,smt
130.61,-81.37,0.0,bottom,LED16,,,LED_choc_6028R,choc_SK6812MINI-E,smt
148.61,-77.12,0.0,bottom,LED17,,,LED_choc_6028R,choc_SK6812MINI-E,smt
166.61,-81.37,0.0,bottom,LED18,,,LED_choc_6028R,choc_SK6812MINI-E,smt
184.61,-85.62,0.0,bottom,LED19,,,LED_choc_6028R,choc_SK6812MINI-E,smt
130.61,-47.37,0.0,bottom,LED2,,,LED_choc_6028R,choc_SK6812MINI-E,smt
202.61,-94.12,0.0,bottom,LED20,,,LED_choc_6028R,choc_SK6812MINI-E,smt
225.11,-94.12,0.0,bottom,LED21,,,LED_choc_6028R,choc_SK6812MINI-E,smt
112.61,-102.62,180.0,bottom,LED22,,,LED_choc_6028R,choc_SK6812MINI-E,smt
130.61,-98.37,180.0,bottom,LED23,,,LED_choc_6028R,choc_SK6812MINI-E,smt
148.61,-94.12,180.0,bottom,LED24,,,LED_choc_6028R,choc_SK6812MINI-E,smt
166.61,-98.37,180.0,bottom,LED25,,,LED_choc_6028R,choc_SK6812MINI-E,smt
184.61,-102.62,180.0,bottom,LED26,,,LED_choc_6028R,choc_SK6812MINI-E,smt
202.61,-111.12,180.0,bottom,LED27,,,LED_choc_6028R,choc_SK6812MINI-E,smt
225.11,-111.12,180.0,bottom,LED28,,,LED_choc_6028R,choc_SK6812MINI-E,smt
112.61,-119.62,0.0,bottom,LED29,,,LED_choc_6028R,choc_SK6812MINI-E,smt
148.61,-43.12,0.0,bottom,LED3,,,LED_choc_6028R,choc_SK6812MINI-E,smt
130.61,-115.37,0.0,bottom,LED30,,,LED_choc_6028R,choc_SK6812MINI-E,smt
148.61,-111.12,0.0,bottom,LED31,,,LED_choc_6028R,choc_SK6812MINI-E,smt
166.61,-115.37,0.0,bottom,LED32,,,LED_choc_6028R,choc_SK6812MINI-E,smt
184.61,-119.62,0.0,bottom,LED33,,,LED_choc_6028R,choc_SK6812MINI-E,smt
202.61,-128.12,0.0,bottom,LED34,,,LED_choc_6028R,choc_SK6812MINI-E,smt
225.11,-128.12,0.0,bottom,LED35,,,LED_choc_6028R,choc_SK6812MINI-E,smt
80.151542,-151.360319,-150.0,bottom,LED36,,,LED_choc_6028R,choc_SK6812MINI-E,smt
95.739999,-142.360319,-150.0,bottom,LED37,,,LED_choc_6028R,choc_SK6812MINI-E,smt
84.72,-168.66,120.0,bottom,LED38,,,LED_choc_6028R,choc_SK6812MINI-E,smt
100.33,-159.67,-60.0,bottom,LED39,,,LED_choc_6028R,choc_SK6812MINI-E,smt
166.61,-47.37,0.0,bottom,LED4,,,LED_choc_6028R,choc_SK6812MINI-E,smt
139.61,-153.62,180.0,bottom,LED40,,,LED_choc_6028R,choc_SK6812MINI-E,smt
157.61,-136.62,180.0,bottom,LED41,,,LED_choc_6028R,choc_SK6812MINI-E,smt
157.61,-153.62,180.0,bottom,LED42,,,LED_choc_6028R,choc_SK6812MINI-E,smt
175.61,-153.62,180.0,bottom,LED43,,,LED_choc_6028R,choc_SK6812MINI-E,smt
184.61,-51.62,0.0,bottom,LED5,,,LED_choc_6028R,choc_SK6812MINI-E,smt
202.61,-60.12,0.0,bottom,LED6,,,LED_choc_6028R,choc_SK6812MINI-E,smt
225.11,-60.12,0.0,bottom,LED7,,,LED_choc_6028R,choc_SK6812MINI-E,smt
112.61,-68.62,180.0,bottom,LED8,,,LED_choc_6028R,choc_SK6812MINI-E,smt
130.61,-64.37,180.0,bottom,LED9,,,LED_choc_6028R,choc_SK6812MINI-E,smt
89.325001,-109.2425,-90.0,bottom,Q1,,,SOT-23-3,AO3401A,smt
89.350001,-104.3875,-90.0,bottom,Q2,,,SOT-23-3,MMUN2233LT1G,smt
83.87,-50.47,90.0,bottom,R1,,,R_0402_1005Metric,5.1k,smt
88.08,-50.49,-90.0,bottom,R2,,,R_0402_1005Metric,5.1k,smt
73.760001,-84.08,180.0,bottom,R3,,,R_0402_1005Metric,5.1k,smt
73.710001,-85.28,0.0,bottom,R4,,,R_0402_1005Metric,5.1k,smt
90.440001,-86.07,180.0,bottom,RST1,,,SW_SPST_TL3342,SW_SPST,smt
84.910001,-69.43,90.0,bottom,U1,,,LQFP-48_7x7mm_P0.5mm,STM32F072CBT6,smt
85.95,-51.26,0.0,bottom,U2,,,SOT-143,CM1213A,smt
89.395001,-57.0825,0.0,bottom,U3,,,SOT-23,XC6206PxxxMR-Regulator_Linear,smt
68.9,-119.59,90.0,top,U4,,,CR2013-MI2120,CR2013-MI2120,tht
94.350001,-49.54,0.0,bottom,U5,,,SOT-363_SC-70-6_Handsoldering,TXB0101,smt
237.57,-75.64,180.0,top,U6,,,Pogo_2.54mm_5p,~,tht
237.57,-102.74,180.0,top,U7,,,Pogo_2.54mm_5p,~,tht
