﻿Designator,Quantity,Value,Footprint,Package,MPN,DNP,Mount_Type,Description,LCSC,Sim.Device,Sim.Pins,JlcPosOffset,JlcRotOffset
"BOOT1, RST1",2,SW_SPST,SW_SPST_TL3342,,,,smt,,,,,,
"C1, C10, C11, C12, C13, C14, C15, C16, C17, C18, C19, C2, C20, C21, C22, C23, C24, C25, C26, C27, C28, C29, C3, C30, C31, C32, C33, C34, C35, C36, C37, C38, C39, C4, C40, C41, C42, C43, C44, C45, C5, C6, C7, C8, C9",45,0.1uF,C_0402_1005Metric,,,,smt,Unpolarized capacitor,C307331,,,,
"C100, C102, C103, C104, C105, C106, C109",7,100nF,C_0402_1005Metric,,,,smt,,C307331,,,,
C101,1,10uF,C_0603_1608Metric,,,,smt,,C307331,,,,
"C107, C108",2,1uF,C_0402_1005Metric,,,,smt,,C307331,,,,
"CH1, CH10, CH11, CH12, CH13, CH15, CH16, CH17, CH18, CH19, CH2, CH20, CH22, CH23, CH24, CH25, CH26, CH27, CH29, CH3, CH30, CH31, CH32, CH33, CH34, CH36, CH37, CH4, CH40, CH41, CH42, CH43, CH5, CH6, CH8, CH9",36,choc_v1_SW_HS,SW_choc_v1_HS_CPG135001S30_1u,,,,smt,"Push button switch, normally open, two pins, 45° tilted",,,,,
"CH14, CH21, CH28, CH35, CH38, CH39, CH7",7,choc_v1_SW_HS,SW_choc_v1_HS_CPG135001S30_1.5u,,,,smt,"Push button switch, normally open, two pins, 45° tilted",,,,,
"D1, D10, D11, D12, D13, D14, D15, D16, D17, D18, D19, D2, D20, D21, D22, D23, D24, D25, D26, D27, D28, D29, D3, D30, D31, D32, D33, D34, D35, D36, D37, D38, D39, D4, D40, D41, D42, D43, D5, D6, D7, D8, D9",43,D,D_SOD-123,,,,smt,Diode,,D,1=K 2=A,,
F1,1,500mA,Fuse_1206_3216Metric,,,,smt,,C135341,,,,
"J1, J3",2,USB_C_Receptacle_USB2.0,USB_C_Receptacle_HRO_TYPE-C-31-M-14,,,,smt,,,,,"0,1.5",180
J2,1,Conn_01x05,PinHeader_1x05_P2.54mm_Vertical,,,,tht,"Generic connector, single row, 01x05, script generated (kicad-library-utils/schlib/autogen/connector/)",,,,,
"LED1, LED10, LED11, LED12, LED13, LED14, LED15, LED16, LED17, LED18, LED19, LED2, LED20, LED21, LED22, LED23, LED24, LED25, LED26, LED27, LED28, LED29, LED3, LED30, LED31, LED32, LED33, LED34, LED35, LED36, LED37, LED38, LED39, LED4, LED40, LED41, LED42, LED43, LED5, LED6, LED7, LED8, LED9",43,choc_SK6812MINI-E,LED_choc_6028R,,,,smt,Reverse mount adressable LED (WS2812 protocol),,,,,
Q1,1,AO3401A,SOT-23-3,,,,smt,,,,,,
Q2,1,MMUN2233LT1G,SOT-23-3,,,,smt,,,,,,
"R1, R2, R3, R4",4,5.1k,R_0402_1005Metric,,,,smt,,,,,,
U1,1,STM32F072CBT6,LQFP-48_7x7mm_P0.5mm,,,,smt,,,,,,90
U2,1,CM1213A,SOT-143,,,,smt,,C2827688,,,,90
U3,1,XC6206PxxxMR-Regulator_Linear,SOT-23,,,,smt,,C5446,,,,
U4,1,CR2013-MI2120,CR2013-MI2120,,,,tht,"ILI9341 controller, SPI TFT LCD Display, 9-pin breakout PCB, 4-pin SD card interface, 5V/3.3V",,,,,
U5,1,TXB0101,SOT-363_SC-70-6_Handsoldering,,,,smt,1-Bit Bidirectional Voltage-Level Translator,C324081,,,,
"U6, U7",2,~,Pogo_2.54mm_5p,,,,tht,,,,,,
